month,created_pull_requests,closed_pull_requests,codex,complexity: simple,dependencies,do not merge,domain: ARC,domain: administration,domain: api,domain: architecture,domain: auth,domain: buffers,domain: ci,domain: cli,domain: codecs,domain: compression,domain: config,domain: core,domain: data model,domain: delivery,domain: deps,domain: dev,domain: enriching,domain: enrichment_tables,domain: enterprise,domain: external docs,domain: filtering,domain: healthchecks,domain: internal docs,domain: logs,domain: memory,domain: metrics,domain: networking,domain: observability,domain: opentelemetry,domain: parsing,domain: performance,domain: platforms,domain: processing,domain: releasing,domain: reliability,domain: reload,domain: rfc,domain: schemas,domain: security,domain: setup,domain: shutdown,domain: sinks,domain: soak tests,domain: sources,domain: startup,domain: templating,domain: tests,domain: topology,domain: traces,domain: transforms,domain: unit tests,domain: validation,domain: vdev,domain: vrl,domain: website,editorial review,enrichment_table: csv,gira,github_actions,hacktoberfest,have: must,have: should,javascript,meta: awaiting author,meta: blocked,meta: breaking change,meta: idea,meta: regression,needs: approval,needs: docs,needs: tests,no-changelog,platform: arm,platform: arm64,platform: centos,platform: debian,platform: docker,platform: dpkg,platform: freebsd,platform: helm,platform: homebrew,platform: kubernetes,platform: macos,platform: nix,platform: rpm,platform: ubuntu,platform: windows,platform: x86_64,provider: aws,provider: azure,provider: datadog,provider: elastic,provider: gcp,provider: heroku,provider: honeycomb,provider: humio,provider: influxdata,provider: new relic,provider: sematext,provider: splunk,ruby,rust,sink: amqp,sink: appsignal,sink: aws_cloudwatch_logs,sink: aws_cloudwatch_metrics,sink: aws_kinesis_firehose,sink: aws_kinesis_streams,sink: aws_s3,sink: aws_sqs,sink: axiom,sink: azure_blob,sink: azure_monitor_logs,sink: blackhole,sink: clickhouse,sink: console,sink: databend,sink: datadog_archives,sink: datadog_events,sink: datadog_logs,sink: datadog_metrics,sink: datadog_traces,sink: elasticsearch,sink: file,sink: gcp_chronicle,sink: gcp_cloud_storage,sink: gcp_pubsub,sink: gcp_stackdriver_logs,sink: gcp_stackdriver_metrics,sink: greptimedb,sink: honeycomb,sink: http,sink: humio_logs,sink: humio_metrics,sink: influxdb_logs,sink: influxdb_metrics,sink: kafka,sink: loki,sink: mqtt,sink: nats,sink: new,sink: new_relic,sink: new_relic_logs,sink: opentelemetry,sink: papertrail,sink: postgres,sink: prometheus_exporter,sink: prometheus_remote_write,sink: pulsar,sink: redis,sink: sematext_logs,sink: sematext_metrics,sink: socket,sink: splunk_hec,sink: statsd,sink: vector,sink: websocket,source: amqp,source: apache_metrics,source: aws_ecs_metrics,source: aws_kinesis_firehose,source: aws_s3,source: aws_sqs,source: datadog_agent,source: datadog_logs,source: demo_logs,source: dnstap,source: docker_logs,source: eventstoredb_metrics,source: exec,source: file,source: file_descriptor,source: fluent,source: gcp_pubsub,source: heroku_logs,source: host_metrics,source: http_client,source: http_server,source: internal_logs,source: internal_metrics,source: journald,source: kafka,source: kubernetes_logs,source: logstash,source: mongodb_metrics,source: mqtt,source: nats,source: new,source: nginx_metrics,source: okta,source: opentelemetry,source: postgresql_metrics,source: prometheus_pushgateway,source: prometheus_remote_write,source: prometheus_scrape,source: redis,source: socket,source: splunk_hec,source: statsd,source: stdin,source: syslog,source: vector,source: websocket,transform: aggregate,transform: aws_ec2_metadata,transform: dedupe,transform: exclusive_route,transform: filter,transform: log_to_metric,transform: lua,transform: metric_to_log,transform: new,transform: reduce,transform: remap,transform: route,transform: sample,transform: tag_cardinality_limit,transform: throttle,type: bug,type: enhancement,type: feature,type: help,type: task,type: tech debt,under_review,vrl: playground,vrl: stdlib,vrl: typedef,website: blog,website: css,website: guides,website: highlights,website: javascript,website: operations,website: releases,website: template,website:aesthetics-only,work in progress
2018-11,5,5,0,0,0,0,0,0,0,0,0,0,0,0,0,0,0,0,0,0,0,0,0,0,0,0,0,0,0,0,0,0,0,0,0,0,0,0,0,0,0,0,0,0,0,0,0,0,0,0,0,0,0,0,0,0,0,0,0,0,0,0,0,0,0,0,0,0,0,0,0,0,0,0,0,0,0,0,0,0,0,0,0,0,0,0,0,0,0,0,0,0,0,0,0,0,0,0,0,0,0,0,0,0,0,0,0,0,0,0,0,0,0,0,0,0,0,0,0,0,0,0,0,0,0,0,0,0,0,0,0,0,0,0,0,0,0,0,0,0,0,0,0,0,0,0,0,0,0,0,0,0,0,0,0,0,0,0,0,0,0,0,0,0,0,0,0,0,0,0,0,0,0,0,0,0,0,0,0,0,0,0,0,0,0,0,0,0,0,0,0,0,0,0,0,0,0,0,0,0,0,0,0,0,0,0,0,0,0,0,0,0,0,0,0,0,0,0,0,0,0,0,0,0,0,0,0,0,0,0,0,0,0,0,0,0,0,0,0,0,0,0,0,0
2018-12,13,12,0,0,0,0,0,0,0,0,0,0,0,0,0,0,0,0,0,0,0,0,0,0,0,0,0,0,0,0,0,0,0,0,0,0,0,0,0,0,0,0,0,0,0,0,0,0,0,0,0,0,0,0,0,0,0,0,0,0,0,0,0,0,0,0,0,0,0,0,0,0,0,0,0,0,0,0,0,0,0,0,0,0,0,0,0,0,0,0,0,0,0,0,0,0,0,0,0,0,0,0,0,0,0,0,0,0,0,0,0,0,0,0,0,0,0,0,0,0,0,0,0,0,0,0,0,0,0,0,0,0,0,0,0,0,0,0,0,0,0,0,0,0,0,0,0,0,0,0,0,0,0,0,0,0,0,0,0,0,0,0,0,0,0,0,0,0,0,0,0,0,0,0,0,0,0,0,0,0,0,0,0,0,0,0,0,0,0,0,0,0,0,0,0,0,0,0,0,0,0,0,0,0,0,0,0,0,0,0,0,0,0,0,0,0,0,0,0,0,0,0,0,0,0,0,0,0,0,0,0,0,0,0,0,0,0,0,0,0,0,0,0,0
2019-01,6,7,0,0,0,0,0,0,0,0,0,0,0,0,0,0,0,0,0,0,0,0,0,0,0,0,0,0,0,0,0,0,0,0,0,0,0,0,0,0,0,0,0,0,0,0,0,0,0,0,0,0,0,0,0,0,0,0,0,0,0,0,0,0,0,0,0,0,0,0,0,0,0,0,0,0,0,0,0,0,0,0,0,0,0,0,0,0,0,0,0,0,0,0,0,0,0,0,0,0,0,0,0,0,0,0,0,0,0,0,0,0,0,0,0,0,0,0,0,0,0,0,0,0,0,0,0,0,0,0,0,0,0,0,0,0,0,0,0,0,0,0,0,0,0,0,0,0,0,0,0,0,0,0,0,0,0,0,0,0,0,0,0,0,0,0,0,0,0,0,0,0,0,0,0,0,0,0,0,0,0,0,0,0,0,0,0,0,0,0,0,0,0,0,0,0,0,0,0,0,0,0,0,0,0,0,0,0,0,0,0,0,0,0,0,0,0,0,0,0,0,0,0,0,0,0,0,0,0,0,0,0,0,0,0,0,0,0,0,0,0,0,0,0
2019-02,23,21,0,0,0,0,0,0,0,0,0,0,0,0,0,0,0,0,0,0,0,0,0,0,0,0,0,0,0,0,0,0,0,0,0,0,0,0,0,0,0,0,0,0,0,0,0,0,0,0,0,0,0,0,0,0,0,0,0,0,0,0,0,0,0,0,0,0,0,0,0,0,0,0,0,0,0,0,0,0,0,0,0,0,0,0,0,0,0,0,0,0,0,0,0,0,0,0,0,0,0,0,0,0,0,0,0,0,0,0,0,0,0,0,0,0,0,0,0,0,0,0,0,0,0,0,0,0,0,0,0,0,0,0,0,0,0,0,0,0,0,0,0,0,0,0,0,0,0,0,0,0,0,0,0,0,0,0,0,0,0,0,0,0,0,0,0,0,0,0,0,0,0,0,0,0,0,0,0,0,0,0,0,0,0,0,0,0,0,0,0,0,0,0,0,0,0,0,0,0,0,0,0,0,0,0,0,0,0,0,0,0,0,0,0,0,0,0,0,0,0,0,0,0,0,0,0,0,0,0,0,0,0,0,0,0,0,0,0,0,0,0,0,0
2019-03,42,43,0,0,0,0,0,0,0,0,0,0,0,0,0,0,0,0,0,0,0,0,0,0,0,0,0,0,0,0,0,0,0,0,0,0,0,0,0,0,0,0,0,0,0,0,0,0,0,0,0,0,0,0,0,0,0,0,0,0,0,0,0,0,0,0,0,0,0,0,0,0,0,0,0,0,0,0,0,0,0,0,0,0,0,0,0,0,0,0,0,0,0,0,0,0,0,0,0,0,0,0,0,0,0,0,0,0,0,0,0,0,0,0,0,0,0,0,0,0,0,0,0,0,0,0,0,0,0,0,0,0,0,0,0,0,0,0,0,0,0,0,0,0,0,0,0,0,0,0,0,0,0,0,0,0,0,0,0,0,0,0,0,0,0,0,0,0,0,0,0,0,0,0,0,0,0,0,0,0,0,0,0,0,0,0,0,0,0,0,0,0,0,0,0,0,0,0,0,0,0,0,0,0,0,0,0,0,0,0,0,0,0,0,0,0,0,0,0,0,0,0,0,0,0,0,0,0,0,0,0,0,0,0,0,0,0,0,0,0,0,0,0,0
2019-04,44,44,0,0,0,0,0,0,0,0,0,0,0,0,0,0,0,0,0,0,0,0,0,0,0,0,0,0,0,0,0,0,0,0,0,0,0,0,0,0,0,0,0,0,0,0,0,0,0,0,0,0,0,0,0,0,0,0,0,0,0,0,0,0,0,0,0,0,0,0,0,0,0,2,0,0,0,0,0,0,0,0,0,0,0,0,0,0,0,0,0,0,0,0,0,0,0,0,0,0,0,0,0,0,0,0,0,0,0,0,0,0,0,0,0,0,0,0,0,0,0,0,0,0,0,0,0,0,0,0,0,0,0,0,0,0,0,0,0,0,0,0,0,0,0,0,0,0,0,0,0,0,0,0,0,0,0,0,0,2,0,0,0,0,0,0,0,0,0,0,0,0,0,0,0,0,0,0,0,0,0,0,0,0,0,0,0,0,0,0,0,0,0,0,0,0,0,0,0,0,0,0,0,0,0,0,0,0,0,0,0,0,0,0,0,0,0,0,0,0,0,0,0,0,0,0,0,0,0,0,0,0,0,0,0,0,0,0,0,0,0,0,0,0
2019-05,46,45,0,0,0,0,0,0,0,0,0,0,0,0,0,0,0,0,0,0,0,0,0,0,0,0,0,0,0,0,0,0,0,0,0,0,0,0,0,0,0,0,0,0,0,0,0,0,0,0,0,0,0,0,0,0,0,0,0,0,0,0,0,0,0,0,0,0,0,0,0,0,0,0,0,0,0,0,0,0,0,0,0,0,0,0,0,0,0,0,0,0,0,0,0,0,0,0,0,0,0,0,0,0,0,0,0,0,0,0,0,0,0,0,0,0,0,0,0,0,0,0,0,0,0,0,0,0,0,0,0,0,0,0,0,0,0,0,0,0,0,0,0,0,0,0,0,0,0,0,0,0,0,0,0,0,0,0,0,0,0,0,0,0,0,0,0,0,0,0,0,0,0,0,0,0,0,0,0,0,0,0,0,0,0,0,0,0,0,0,0,0,0,0,0,0,0,0,0,0,0,0,0,0,0,0,0,0,0,0,0,0,0,0,0,0,0,0,0,0,0,0,0,0,0,0,0,0,0,0,0,0,0,0,0,0,0,0,0,0,0,0,0,0
2019-06,54,53,0,0,0,0,0,0,0,0,0,0,0,0,0,0,0,0,0,0,0,0,0,0,0,0,0,0,0,0,0,0,0,0,0,0,0,0,0,0,0,0,0,0,0,0,0,0,0,0,0,0,0,0,0,0,0,0,0,0,0,0,0,0,0,0,0,0,0,0,0,0,0,0,0,0,0,0,0,0,0,0,0,0,0,0,0,0,0,0,0,0,0,0,0,0,0,0,0,0,0,0,0,0,0,0,0,0,0,0,0,0,0,0,0,0,0,0,0,0,0,0,0,0,0,0,0,0,0,0,0,0,0,0,0,0,0,0,0,0,0,0,0,0,0,0,0,0,0,0,0,0,0,0,0,0,0,0,0,0,0,0,0,0,0,0,0,0,0,0,0,0,0,0,0,0,0,0,0,0,0,0,0,0,0,0,0,0,0,0,0,0,0,0,0,0,0,0,0,0,0,0,0,0,0,0,0,0,0,0,0,0,0,0,0,0,0,0,0,0,0,0,0,0,0,0,0,0,0,0,0,0,0,0,0,0,0,0,0,0,0,0,0,0
2019-07,73,65,0,0,0,0,0,0,0,0,0,0,0,0,0,0,0,0,0,0,0,0,0,0,0,0,0,0,0,0,0,0,0,0,0,0,0,0,0,0,0,0,0,0,0,0,0,0,0,0,0,0,0,0,0,0,0,0,0,0,0,0,0,0,0,0,0,0,0,0,0,0,0,0,0,0,0,0,0,0,0,0,0,0,0,0,0,0,0,0,0,0,0,0,0,0,0,0,0,0,0,0,0,0,0,0,0,0,0,0,0,0,0,0,0,0,0,0,0,0,0,0,0,0,0,0,0,0,0,0,0,0,0,0,0,0,0,0,0,0,0,0,0,0,0,0,0,0,0,0,0,0,0,0,0,0,0,0,0,0,0,0,0,0,0,0,0,0,0,0,0,0,0,0,0,0,0,0,0,0,0,0,0,0,0,0,0,0,0,0,0,0,0,0,0,0,0,0,0,0,0,0,0,0,0,0,0,0,0,0,0,0,0,0,0,0,0,0,0,0,0,0,0,0,0,0,0,0,0,0,0,0,0,0,0,0,0,0,0,0,0,0,0,0
2019-08,65,60,0,0,0,0,0,0,0,0,0,0,0,0,0,0,0,0,0,0,0,0,0,0,0,0,0,0,0,0,0,0,0,0,0,0,0,0,0,0,0,0,0,0,0,0,0,0,0,0,0,0,0,0,0,0,0,0,0,0,0,0,0,0,0,0,0,0,0,0,0,0,0,0,0,7,0,0,0,0,0,0,0,0,0,0,0,0,0,0,0,0,0,0,0,0,0,0,0,0,0,0,0,0,0,0,0,0,0,0,0,0,0,0,0,0,0,0,0,0,0,0,0,0,0,0,0,0,0,0,0,0,0,0,0,0,0,0,0,0,0,0,0,0,0,0,0,0,0,0,0,0,0,0,0,0,0,0,0,0,0,0,0,0,0,0,0,0,0,0,0,0,0,0,0,0,4,0,0,0,0,0,0,0,0,0,0,0,0,0,0,0,0,0,0,0,0,0,0,0,0,0,0,0,0,0,0,0,0,0,0,0,0,0,0,0,0,0,0,0,0,0,0,0,0,4,0,0,0,0,0,0,0,0,0,0,0,0,0,0,0,0,0,0
2019-09,56,62,0,0,0,0,0,0,0,0,0,0,0,0,0,0,0,0,0,0,0,0,0,0,0,0,0,0,0,0,0,0,0,0,0,0,0,0,0,0,0,0,0,0,0,0,0,0,0,0,0,0,0,0,0,0,0,0,0,0,0,0,0,0,0,0,0,0,0,0,0,0,0,0,0,5,0,0,0,0,0,0,0,0,0,0,0,0,0,0,0,0,0,0,0,0,0,0,0,0,0,0,0,0,0,0,0,0,0,0,0,0,0,0,0,0,0,0,0,0,0,0,0,0,0,0,0,0,0,0,0,0,0,0,0,0,0,0,0,0,0,0,0,0,0,0,0,0,0,0,0,0,0,0,0,0,0,0,0,0,0,0,0,0,0,0,0,0,0,0,0,0,0,0,0,0,2,0,0,0,0,0,0,0,0,0,0,0,0,0,0,0,0,0,0,0,0,0,0,0,0,0,0,0,0,0,0,0,0,0,0,0,0,0,0,0,0,0,0,0,0,0,0,0,2,2,0,0,0,0,0,0,0,0,0,0,0,0,0,0,0,0,0,0
2019-10,77,70,0,0,0,0,0,0,0,0,0,0,0,0,0,0,2,0,0,0,0,0,0,0,0,0,0,0,0,0,0,0,0,0,0,0,0,0,0,0,0,0,0,0,0,0,0,0,0,0,0,0,0,0,0,0,0,0,0,0,0,0,0,0,0,0,0,0,0,0,0,2,0,0,0,0,0,0,0,0,0,0,0,0,0,0,0,0,0,0,0,0,0,0,0,0,0,0,0,0,0,0,0,0,0,0,0,0,0,0,0,0,0,0,0,0,0,0,0,0,0,2,0,0,0,0,2,0,0,2,0,0,0,0,0,0,0,0,0,0,0,0,0,0,0,0,0,0,0,0,0,0,0,0,0,0,0,0,0,0,0,0,0,0,0,0,0,0,0,0,0,0,0,0,0,0,0,0,0,0,0,0,0,0,0,0,0,0,0,0,0,0,0,0,0,0,0,0,0,0,0,0,0,0,0,2,0,0,0,0,0,0,0,0,0,2,0,0,0,0,0,0,0,0,4,2,0,0,0,2,0,0,0,0,0,0,0,0,0,0,0,0,0,0
2019-11,96,90,0,0,0,0,0,0,0,0,0,0,0,0,0,0,2,0,0,0,0,0,0,0,0,0,0,0,0,0,0,0,0,0,0,0,0,0,0,0,0,0,0,0,0,0,0,0,0,0,0,0,0,0,0,0,0,0,0,0,0,0,0,0,0,0,0,0,0,0,2,0,0,0,0,0,0,0,0,0,0,0,0,0,0,0,0,0,0,0,0,0,0,0,0,0,0,0,0,0,0,0,0,0,0,0,0,0,0,0,0,0,0,0,0,0,0,0,0,0,0,0,0,0,0,0,0,0,2,0,0,0,0,0,0,0,0,0,0,0,0,0,0,0,0,0,0,0,0,0,0,0,0,0,0,0,0,0,0,0,0,0,0,0,0,0,0,0,0,0,0,0,0,0,0,0,2,0,0,0,0,0,0,0,0,0,0,0,0,0,0,0,0,0,0,0,0,0,0,0,0,0,0,0,0,0,0,0,0,0,0,0,0,0,0,0,0,0,0,0,0,0,0,0,6,2,0,0,0,0,0,0,0,0,0,0,0,0,0,0,0,0,0,0
2019-12,77,80,0,0,0,0,0,0,0,0,0,0,0,0,0,0,0,0,0,0,0,0,0,0,0,0,0,0,0,0,0,0,0,0,0,0,0,0,0,0,0,0,0,0,0,0,0,2,0,0,0,0,1,0,0,0,0,0,0,0,0,0,0,0,0,0,0,0,0,0,0,0,0,0,0,3,0,0,0,0,0,0,0,0,0,0,0,0,0,0,0,0,0,0,0,0,0,0,0,0,0,0,0,0,0,0,0,0,0,0,0,0,0,0,0,0,0,0,0,0,0,0,0,0,0,0,0,0,0,0,0,0,0,0,0,0,0,0,0,0,0,0,0,0,0,0,0,0,0,0,0,0,0,0,0,0,0,0,0,0,0,0,0,0,0,0,0,0,0,0,0,0,0,0,0,0,0,0,0,0,0,0,0,0,0,0,0,0,0,0,0,0,0,0,0,0,0,0,0,0,0,0,0,2,0,0,0,0,0,0,0,0,0,0,0,0,0,0,0,0,0,0,0,0,2,0,2,0,0,1,0,0,0,0,0,0,0,0,0,0,0,0,0,0
2020-01,102,97,0,0,0,0,0,0,0,0,0,0,0,1,0,0,1,0,0,0,0,0,0,0,0,0,0,0,0,0,0,0,0,2,0,0,2,0,0,0,0,0,0,0,1,0,0,0,0,2,0,0,1,0,0,3,0,0,0,0,0,0,0,0,0,0,0,0,0,0,0,3,0,0,0,6,0,0,0,0,0,0,0,0,0,0,0,0,0,0,0,0,0,0,0,0,0,0,0,0,0,0,0,0,0,0,0,0,0,0,4,0,0,0,0,0,0,0,0,0,0,0,0,0,0,0,0,0,1,0,0,0,0,0,0,0,0,0,0,0,0,0,0,0,0,0,0,0,0,0,0,0,0,0,0,0,0,0,0,0,0,0,0,0,0,0,0,0,0,0,0,0,0,0,0,0,2,0,0,0,0,0,0,0,0,0,2,0,0,0,0,0,0,0,0,0,0,0,0,0,0,0,0,2,0,0,0,0,0,0,0,0,0,0,0,0,0,0,0,0,0,0,0,0,2,6,5,0,0,1,0,0,0,0,0,0,0,0,0,0,0,0,0,0
2020-02,177,169,0,0,0,0,0,0,0,0,0,0,0,1,0,0,5,0,2,0,0,0,0,0,0,0,0,0,0,2,0,0,6,1,0,0,1,0,0,0,0,0,0,0,5,0,0,11,0,4,0,0,2,0,0,7,0,0,0,0,0,0,0,0,0,0,0,0,0,0,0,3,1,0,1,4,0,0,0,0,0,0,0,0,0,0,0,0,0,0,0,0,2,0,0,0,0,0,1,0,0,0,0,0,0,0,0,0,0,0,0,2,2,2,2,0,0,0,0,0,0,0,0,0,0,0,0,0,3,0,0,0,2,0,0,0,0,0,0,0,0,0,0,0,0,0,0,0,0,0,0,0,0,0,0,0,0,0,0,0,0,0,0,0,0,0,0,0,0,0,0,0,0,0,0,0,0,0,0,0,0,0,0,0,0,0,0,2,0,0,0,0,0,0,0,0,0,0,0,0,0,0,2,2,0,0,2,2,0,0,0,0,0,0,0,0,0,0,0,0,0,0,0,0,6,7,8,0,4,12,0,0,0,0,0,0,0,0,0,0,0,0,0,0
2020-03,171,166,0,0,0,0,0,0,0,0,0,0,0,0,0,0,4,0,1,0,0,0,0,0,0,0,0,0,0,1,0,1,15,5,0,0,4,0,0,0,0,0,0,0,12,0,0,9,0,2,0,0,5,0,0,17,0,0,0,0,0,0,0,0,0,0,0,0,0,0,0,1,0,4,0,6,0,0,0,0,0,0,0,0,0,0,0,0,0,0,0,0,1,0,0,0,0,2,0,0,0,0,0,0,0,2,0,0,0,0,0,0,0,0,0,0,0,0,0,0,2,0,0,0,0,0,2,0,6,2,0,2,2,0,0,0,0,4,0,0,0,2,2,2,0,0,0,0,0,0,0,0,0,0,0,0,0,0,2,4,2,2,0,0,0,0,0,0,0,0,0,0,0,0,0,0,0,0,0,0,0,0,0,0,0,0,2,2,0,0,0,0,0,0,0,0,0,0,0,0,0,0,0,2,0,0,0,0,0,0,0,0,0,0,0,2,0,0,0,0,0,2,0,0,10,22,13,0,8,7,0,0,0,0,0,0,0,0,0,0,0,0,0,0
2020-04,206,207,0,0,0,0,0,0,0,0,0,5,1,2,0,0,6,0,5,0,0,0,0,0,0,0,0,0,0,3,0,3,5,2,0,0,8,0,0,0,0,0,0,0,2,0,0,3,0,4,0,0,9,10,0,7,0,0,0,0,0,0,0,0,0,0,0,2,0,0,0,0,1,4,1,3,0,0,0,0,0,0,2,0,0,0,0,0,0,0,0,0,3,0,6,0,0,0,6,0,0,2,0,0,0,0,0,0,0,0,4,0,0,0,0,0,0,0,0,0,0,0,0,0,0,1,0,0,6,0,0,8,2,2,0,0,0,0,2,0,0,0,3,2,0,0,0,0,0,0,0,0,0,0,2,0,0,0,2,4,0,2,0,0,0,0,0,0,0,0,0,0,0,0,0,0,2,0,0,0,0,0,0,2,0,0,4,0,0,0,0,0,0,0,0,0,0,0,0,0,0,0,0,4,0,1,0,0,0,0,2,0,0,5,0,0,0,0,0,0,3,0,0,0,16,25,6,0,4,3,0,0,0,0,0,0,0,0,0,0,0,0,0,0
2020-05,133,123,0,0,0,0,0,0,0,0,0,1,0,1,0,0,1,0,1,0,0,0,0,0,0,0,0,0,0,1,0,0,3,2,0,0,1,0,0,0,0,0,0,0,6,0,0,6,0,3,0,0,10,10,0,0,0,0,0,0,0,0,0,0,0,0,0,0,0,0,2,1,0,3,0,0,0,0,0,0,0,0,0,0,0,0,0,0,0,0,0,0,0,0,2,0,0,2,0,0,0,4,0,1,0,1,0,0,0,0,0,0,0,0,0,0,0,0,0,0,0,0,0,0,0,1,0,0,4,0,0,0,0,0,0,0,0,2,4,0,0,0,7,0,0,0,0,0,1,0,0,0,0,0,1,0,0,0,1,1,0,0,0,0,0,0,0,0,0,0,0,0,0,0,0,0,0,0,0,0,0,0,0,2,0,0,4,2,0,0,0,0,0,0,0,0,0,0,0,0,0,0,2,0,0,1,4,2,0,0,0,0,0,1,0,2,0,0,0,0,1,0,0,0,17,11,2,0,0,4,0,0,0,0,0,0,0,0,0,0,0,0,0,0
2020-06,175,170,0,0,0,0,0,0,0,0,0,2,0,1,0,0,3,0,2,0,1,0,0,0,0,0,0,0,0,1,0,1,6,0,0,0,0,0,0,0,0,0,0,0,7,0,0,10,0,0,0,0,16,4,0,1,0,0,0,0,0,0,0,0,0,0,0,0,0,0,0,0,0,1,0,0,0,0,0,0,1,0,0,0,0,0,0,0,0,0,0,0,1,0,11,0,0,0,4,1,0,2,2,1,0,1,0,0,0,0,11,4,0,4,6,1,0,0,0,0,0,0,0,0,0,0,0,0,10,0,0,2,0,2,0,0,0,2,2,0,0,4,8,2,0,0,0,0,1,0,0,0,0,0,5,0,0,0,1,1,2,0,0,0,0,0,0,0,0,0,0,0,0,0,0,0,2,0,0,0,0,0,0,2,0,0,2,4,0,0,0,0,0,0,0,0,0,0,0,0,0,0,1,6,0,0,0,0,0,0,4,0,0,4,0,2,0,0,0,0,4,0,0,0,24,25,3,0,4,26,0,0,0,0,0,0,0,0,0,0,0,0,0,0
2020-07,268,255,0,0,0,0,0,1,0,0,0,0,4,4,0,0,2,0,0,0,55,0,0,0,0,0,0,0,0,0,0,0,4,6,0,2,1,0,0,1,0,0,0,0,7,0,0,11,0,3,0,0,14,6,2,4,0,0,0,0,0,0,0,0,0,0,0,0,0,0,3,2,0,0,0,0,0,0,0,0,1,0,4,0,0,0,0,0,0,0,0,0,4,0,6,0,0,0,2,0,0,0,0,0,0,0,0,0,0,0,4,4,6,6,8,0,0,0,0,0,2,0,0,0,0,3,0,0,0,0,0,2,2,2,0,0,0,0,0,0,0,0,6,6,0,0,0,0,0,0,3,0,0,0,4,0,0,0,4,0,2,3,0,0,0,0,0,0,0,0,0,0,0,0,0,0,2,0,0,0,0,0,0,2,0,0,6,10,0,0,0,0,0,0,0,0,0,0,0,0,0,0,7,1,1,2,4,2,0,0,0,0,0,0,0,0,0,0,0,0,0,0,0,0,22,18,6,0,4,30,0,0,0,0,0,0,0,0,0,0,0,0,0,0
2020-08,272,262,0,0,0,0,0,8,0,0,0,0,12,0,2,2,0,0,5,0,25,0,0,0,0,8,0,0,4,5,0,12,7,54,0,1,8,1,0,1,0,0,0,0,0,0,0,3,0,0,0,0,20,2,0,2,0,0,0,0,0,0,0,0,0,0,0,0,0,0,2,0,0,0,10,2,0,0,0,1,1,1,3,1,0,0,0,0,0,1,1,1,0,1,0,0,0,0,1,0,0,0,0,0,1,0,0,0,0,0,2,0,0,0,0,0,0,0,0,0,0,2,0,0,0,5,0,0,2,4,0,1,1,0,0,0,0,1,2,0,0,0,0,2,0,0,0,0,0,0,5,0,0,0,0,0,0,0,0,0,3,3,0,0,0,0,0,0,0,0,0,0,0,0,0,0,9,0,0,0,0,0,0,4,0,0,0,0,0,0,0,0,0,0,0,0,0,0,0,0,0,0,2,5,1,0,2,2,0,0,0,0,0,0,2,1,0,0,0,0,0,2,2,0,14,65,2,0,0,38,0,0,0,0,0,0,0,0,0,0,0,0,0,0
2020-09,296,282,0,0,0,0,0,11,0,0,1,2,40,0,0,0,6,0,7,0,21,0,0,0,0,5,0,0,2,0,0,16,9,16,0,0,6,2,0,0,0,6,0,0,3,0,2,8,0,2,0,0,36,4,0,2,0,0,0,18,0,0,0,0,0,0,0,0,0,0,1,0,0,2,0,1,1,0,0,1,1,7,3,1,2,0,0,1,0,1,15,1,6,1,1,0,0,0,3,0,0,0,0,0,0,0,0,0,0,0,0,0,2,0,0,0,0,0,0,2,0,0,0,0,0,4,2,0,0,0,0,3,1,2,0,0,0,3,0,0,3,3,2,4,0,0,0,0,0,0,4,0,0,0,2,0,0,0,2,2,0,0,0,0,2,0,0,0,0,0,0,0,0,0,0,0,0,0,0,0,0,0,0,2,0,0,2,0,0,0,0,0,0,0,0,0,0,0,0,0,0,0,0,0,0,0,0,0,0,0,0,0,0,0,2,1,0,0,0,22,2,0,0,0,27,18,21,0,0,22,0,0,0,0,0,0,0,0,0,0,0,0,0,0
2020-10,440,473,0,0,0,0,0,0,0,2,3,0,66,9,0,0,11,0,12,0,45,0,0,0,0,147,0,0,2,5,0,14,9,30,0,0,9,1,2,0,0,1,0,0,3,0,0,11,0,4,2,2,13,1,0,4,0,0,0,17,0,0,0,0,0,0,0,0,0,0,0,3,2,1,0,1,1,0,0,0,0,8,2,0,0,0,0,3,0,0,4,0,1,0,10,0,0,0,0,2,0,0,0,0,1,0,0,0,0,0,0,0,0,2,0,2,0,0,0,0,1,2,0,0,0,0,0,0,0,0,0,0,0,0,0,0,0,4,0,0,1,3,0,0,0,0,0,0,0,0,2,0,0,0,0,0,0,0,2,0,5,2,0,0,0,0,0,0,0,0,0,0,0,0,0,0,9,0,0,0,0,0,0,0,0,0,6,0,0,0,2,0,0,0,0,0,0,0,0,0,0,0,2,2,4,0,4,2,0,0,0,0,0,2,4,0,0,0,8,9,2,0,0,0,26,36,21,0,0,17,0,0,0,0,0,0,0,0,0,0,0,0,0,0
2020-11,355,358,0,0,0,0,0,0,3,1,2,0,31,5,0,0,9,0,1,0,42,0,0,0,0,16,0,0,0,0,0,9,3,30,0,1,2,2,0,0,0,3,0,0,4,0,4,8,0,3,0,0,16,5,2,6,0,0,0,47,0,0,0,0,0,0,0,0,0,0,0,1,0,1,0,0,0,0,0,0,0,2,6,0,0,0,0,3,2,0,2,0,6,0,4,0,0,1,2,0,0,0,0,0,0,0,0,0,0,0,0,2,2,2,4,3,0,0,0,2,1,0,0,0,0,0,0,0,3,2,0,0,2,0,0,0,0,3,0,0,4,4,6,2,0,0,0,0,0,0,0,0,0,0,2,0,0,0,0,0,2,0,0,0,0,0,0,0,0,0,0,0,0,0,0,0,5,0,0,0,0,3,0,3,0,2,2,0,1,0,0,0,0,0,0,0,0,0,0,0,0,0,1,0,0,0,0,0,0,0,0,0,0,0,2,0,0,0,0,3,0,2,0,0,22,61,11,0,6,23,0,0,0,0,0,0,0,0,0,0,0,0,0,0
2020-12,311,303,0,0,0,0,0,4,12,1,0,0,44,4,0,0,10,0,1,0,55,1,0,0,0,6,0,4,2,2,0,6,1,10,0,0,0,2,0,0,0,0,0,0,4,8,0,3,0,3,2,0,13,2,0,1,0,0,0,50,0,0,0,0,0,0,0,0,0,0,0,2,0,0,0,0,0,0,0,0,0,2,6,0,0,0,0,3,0,0,2,0,0,0,0,0,0,1,0,0,0,0,0,0,0,0,0,0,0,0,0,0,0,0,0,0,0,0,0,0,2,0,0,0,0,0,0,0,7,0,0,0,0,0,0,0,0,5,2,2,2,2,3,2,0,0,0,0,0,0,0,0,0,0,2,0,0,2,0,2,0,2,0,0,0,0,0,0,0,0,0,0,0,4,0,0,3,0,0,0,0,1,0,4,0,5,4,0,0,0,0,0,0,0,0,0,0,1,0,0,0,0,1,0,2,0,0,0,0,0,0,0,0,0,0,0,0,0,0,5,0,0,0,0,23,35,14,0,6,13,0,0,0,0,0,0,0,0,0,0,0,0,0,0
2021-01,376,362,0,0,0,0,0,0,12,0,2,4,40,3,0,0,12,0,5,0,84,3,0,0,0,12,0,0,0,4,0,13,0,3,0,0,4,0,0,1,0,2,0,0,0,0,0,2,0,1,0,0,16,4,0,2,0,0,0,67,0,0,0,0,0,0,0,0,0,0,2,0,0,2,0,1,0,0,0,0,0,2,4,0,0,0,0,3,0,0,0,0,0,0,8,0,0,0,0,0,0,0,0,0,0,0,0,0,0,0,6,5,4,4,4,4,0,0,0,2,0,0,0,0,0,0,1,0,2,0,0,0,0,0,0,0,0,0,0,0,0,5,3,3,0,2,0,0,0,0,0,0,2,6,0,0,0,1,0,0,0,0,0,0,0,0,0,4,0,0,0,0,0,6,0,0,4,0,0,0,0,3,0,0,2,1,2,0,0,0,3,0,0,0,0,0,0,6,0,0,0,0,0,0,0,0,2,0,0,0,0,0,0,0,0,0,0,0,0,22,2,2,0,0,23,29,6,0,15,23,0,0,0,0,0,0,0,0,0,0,0,0,0,0
2021-02,170,183,0,0,0,0,0,0,1,2,0,0,6,0,0,0,2,0,4,0,40,0,0,0,0,2,0,2,2,0,0,12,2,5,0,0,3,0,0,1,0,0,0,0,0,0,0,6,0,0,0,4,2,0,0,4,0,0,0,12,0,0,0,0,0,0,0,0,0,0,0,0,0,0,0,1,0,0,0,0,0,2,2,0,0,0,0,0,0,0,0,0,0,0,0,0,0,0,1,1,0,0,0,0,0,0,0,0,0,0,1,3,0,0,0,0,0,0,0,0,0,0,0,0,0,0,3,0,0,0,0,0,0,1,0,0,0,2,0,0,0,1,0,1,0,0,0,0,0,0,0,0,0,4,0,0,0,1,0,0,0,2,0,0,0,0,0,0,0,0,0,0,0,2,0,0,2,0,0,0,0,1,0,0,0,0,0,0,0,0,1,0,0,0,0,0,0,3,0,0,0,0,0,0,0,0,0,2,0,0,0,0,0,0,0,0,0,0,0,0,0,0,0,0,6,17,4,0,3,11,0,0,0,0,0,0,0,0,0,0,0,0,0,0
2021-03,243,244,0,0,0,0,0,0,4,0,0,0,0,4,0,0,6,0,8,0,59,0,0,0,0,4,0,0,1,0,0,6,0,5,0,1,3,0,0,0,0,0,0,0,0,0,0,4,0,2,0,0,11,0,0,0,0,0,0,39,0,0,0,0,0,0,2,0,0,0,0,0,0,0,0,0,0,0,0,0,0,0,0,0,0,0,0,3,0,0,0,0,0,0,0,0,2,0,0,0,0,0,0,0,0,0,0,0,0,0,0,0,0,0,0,0,0,0,0,0,0,0,0,0,0,2,0,0,0,0,0,0,0,0,0,0,0,0,0,0,0,1,0,0,0,0,0,0,0,0,0,0,5,2,0,0,0,0,0,0,0,0,0,0,0,0,0,0,0,0,0,0,0,0,0,0,2,0,0,0,0,1,0,1,0,1,0,2,1,0,0,0,0,0,0,0,0,0,0,0,2,0,0,0,0,0,0,0,0,0,0,0,0,0,0,0,0,0,0,0,2,0,0,0,17,16,8,0,5,15,0,0,0,0,0,0,0,0,0,0,0,0,0,0
2021-04,201,203,0,0,0,0,0,0,6,1,0,3,9,0,0,0,2,0,4,0,134,0,0,0,0,3,0,0,1,0,0,1,0,3,0,1,2,0,0,0,0,0,0,0,0,0,0,3,0,6,0,0,3,0,0,0,0,0,0,3,0,0,0,0,0,0,0,0,0,0,0,0,0,0,0,0,0,0,0,0,0,0,0,0,0,0,0,0,0,0,0,0,0,0,0,0,0,0,0,0,0,0,0,0,0,0,0,0,0,0,0,1,0,0,0,0,0,0,0,0,0,0,0,0,0,0,0,0,0,0,0,0,0,0,0,0,0,1,0,0,0,3,0,0,0,0,0,0,0,0,0,0,1,0,0,0,0,0,0,0,0,0,0,0,0,0,0,0,0,0,0,0,0,0,0,0,0,0,0,0,0,3,0,0,0,3,0,0,0,0,0,0,0,0,0,0,0,0,0,0,0,0,2,2,2,0,2,0,0,0,0,0,0,0,0,0,0,0,0,2,0,0,0,0,6,12,3,2,3,5,0,0,0,0,0,0,0,0,0,0,0,0,0,0
2021-05,246,246,0,0,0,0,0,0,0,1,0,6,19,2,0,0,2,0,23,0,106,0,0,0,0,3,0,0,0,0,0,6,0,4,0,2,2,0,0,0,0,0,0,0,0,0,0,9,0,4,0,0,4,0,0,0,1,0,0,4,0,0,0,0,0,0,0,0,0,0,0,0,0,0,0,0,6,0,0,0,0,0,0,0,0,2,0,2,0,0,0,0,0,0,0,0,3,0,0,0,0,0,0,0,0,0,0,0,0,0,2,0,0,0,2,0,0,0,2,0,4,0,0,0,1,2,2,0,0,0,0,0,2,3,0,0,2,5,0,0,4,0,1,2,0,0,0,0,0,0,0,0,0,0,0,0,0,0,0,2,0,2,0,0,0,0,0,0,0,0,0,0,0,0,0,0,0,0,0,0,4,0,0,6,1,4,0,0,0,0,0,0,0,0,0,0,0,0,0,2,0,0,0,2,0,0,0,2,0,0,0,0,0,0,0,0,0,0,0,1,0,0,0,0,7,22,3,0,11,9,0,0,0,0,0,0,0,0,0,0,0,0,0,0
2021-06,259,279,0,0,0,0,0,0,0,0,0,1,9,1,0,0,3,0,8,0,107,0,0,0,0,11,0,0,0,0,0,5,2,2,0,2,0,0,2,2,0,0,0,0,0,2,0,0,0,0,0,0,6,0,0,2,1,0,0,7,0,0,0,0,0,0,0,0,0,0,0,0,0,0,0,0,0,0,0,0,0,0,0,0,0,4,0,6,0,0,0,0,0,0,2,0,2,0,0,0,0,0,0,0,0,0,0,0,0,0,0,0,0,0,0,0,0,0,0,0,2,0,0,0,1,0,0,0,1,0,0,0,0,0,0,0,0,0,0,0,0,0,1,0,0,0,0,0,0,0,0,0,0,0,2,0,0,0,0,0,0,2,0,0,0,0,1,1,0,0,0,0,0,0,0,0,6,0,0,0,0,2,0,0,1,0,0,2,5,0,0,0,0,0,0,0,0,0,0,0,2,0,0,0,0,0,0,2,0,0,0,2,0,0,0,0,0,0,0,0,0,0,0,0,6,15,4,0,0,6,0,0,0,0,0,0,0,0,0,0,0,0,0,0
2021-07,268,251,0,0,0,0,0,0,0,0,0,0,10,0,0,0,3,0,2,0,92,0,0,0,0,8,0,0,2,0,0,3,0,0,0,1,1,0,0,0,0,0,1,0,0,0,0,6,0,0,0,0,10,0,0,0,2,0,0,6,0,0,0,0,0,0,0,0,0,0,0,0,0,0,0,0,0,0,0,0,0,0,0,0,0,10,0,0,2,0,0,0,0,0,0,0,1,0,1,0,0,0,0,0,0,0,0,0,0,0,0,0,0,0,0,0,0,0,0,0,0,0,0,0,0,1,0,0,3,0,0,0,0,0,0,0,0,0,0,0,0,0,0,0,0,0,0,0,0,0,1,0,0,0,0,0,0,0,1,0,1,0,0,0,0,0,1,1,0,0,0,0,0,2,0,0,4,0,0,0,0,2,0,0,0,2,0,0,5,0,0,0,0,0,2,0,0,0,0,0,0,0,0,0,0,0,0,0,0,0,2,0,0,0,0,0,0,0,0,0,0,0,0,0,13,6,0,0,0,3,0,0,0,0,0,0,0,1,0,0,0,0,0,0
2021-08,275,270,0,0,0,0,0,0,0,0,0,0,6,2,1,0,2,0,0,0,126,0,0,0,0,10,0,2,0,0,0,0,0,5,0,1,1,0,0,0,0,0,0,0,0,0,0,9,0,0,0,0,0,2,0,1,0,0,0,9,0,0,0,0,0,0,0,0,0,1,0,0,0,0,0,0,0,0,0,0,0,0,0,0,0,8,0,4,0,0,0,0,0,0,2,0,1,0,1,0,0,0,0,0,0,0,0,0,0,0,0,0,0,0,0,0,0,0,0,0,0,0,0,0,0,1,0,0,0,0,0,0,0,0,0,0,0,0,0,0,0,0,0,10,0,0,0,0,0,0,1,0,0,0,0,0,0,0,1,0,1,4,0,0,0,0,0,0,0,2,0,0,0,0,0,0,0,0,0,0,0,4,0,0,0,0,0,0,2,0,0,0,0,0,0,0,0,0,0,0,0,0,0,0,0,0,0,0,0,0,0,0,0,0,0,0,0,0,1,0,0,0,0,0,0,16,2,0,3,3,0,0,0,0,0,6,0,0,0,0,0,0,4,0
2021-09,259,251,0,0,0,0,0,0,4,0,0,1,8,6,1,0,0,1,0,0,80,0,0,0,0,7,0,0,2,0,0,0,0,14,0,0,0,0,0,0,0,0,0,0,0,0,0,0,0,0,0,0,4,1,0,2,2,0,0,5,0,0,0,0,0,0,0,0,0,0,0,0,0,0,0,0,0,0,0,0,0,0,0,0,0,0,0,0,0,0,0,0,0,0,0,0,0,0,0,0,0,0,0,0,0,0,0,0,0,0,0,0,0,0,0,0,0,0,0,0,0,0,0,0,0,0,0,0,0,0,0,0,0,0,0,0,0,2,0,0,0,0,2,2,0,0,0,0,0,0,0,0,0,0,0,0,0,0,0,0,0,0,0,0,0,0,0,0,0,0,0,0,0,0,0,0,2,0,0,0,1,4,0,1,0,0,0,0,0,0,0,0,0,0,0,0,0,0,0,1,0,0,0,0,0,0,0,0,0,0,0,0,0,0,0,0,0,0,1,0,0,0,0,0,5,11,2,0,4,11,0,0,0,0,0,0,0,0,0,0,0,0,0,0
2021-10,311,282,0,0,0,0,0,0,2,2,0,3,4,0,0,0,3,2,0,0,73,0,0,0,0,15,0,0,4,0,0,0,2,22,0,0,5,0,1,0,0,0,0,0,0,0,0,14,0,4,0,0,4,2,0,4,8,0,0,7,0,0,0,0,0,0,0,0,0,0,0,0,0,2,0,0,0,0,0,0,0,0,0,0,0,0,0,0,0,0,0,0,0,0,0,0,2,0,0,0,0,0,0,0,0,0,0,0,0,0,0,0,0,0,4,0,0,0,0,0,0,0,0,0,0,0,0,0,2,4,0,0,0,0,0,0,0,2,0,0,0,0,0,0,0,0,0,0,0,0,0,0,0,0,0,0,0,0,0,0,0,1,0,0,2,0,0,1,0,0,0,0,0,0,0,1,0,0,4,0,1,0,0,1,0,0,1,2,0,4,0,0,0,0,0,0,0,0,0,1,0,0,2,0,0,0,2,3,0,0,0,0,0,0,0,0,0,0,0,0,0,0,0,0,9,25,1,0,5,13,0,0,0,0,0,0,0,1,0,0,0,0,2,0
2021-11,289,287,0,0,2,0,0,0,0,0,0,4,12,0,7,0,5,43,1,0,28,0,0,0,0,77,0,0,2,0,0,0,0,3,0,0,4,0,1,12,0,0,0,1,0,0,0,38,0,36,0,0,1,11,0,24,0,0,0,20,0,0,0,0,0,0,0,0,2,0,0,0,0,0,0,0,0,0,0,0,0,0,0,0,0,0,0,0,0,0,0,0,0,0,0,0,1,0,0,0,0,0,0,0,0,0,0,0,0,0,0,0,0,0,2,0,0,0,0,0,0,0,0,0,0,0,0,0,0,2,0,0,0,0,0,0,0,0,0,0,2,2,0,0,0,0,0,0,0,0,0,0,0,0,0,0,0,0,0,1,0,1,0,0,0,0,2,3,0,0,0,0,0,0,0,1,0,0,1,0,0,0,0,0,0,0,3,0,4,1,0,0,0,0,0,0,0,0,0,0,0,0,0,0,0,0,0,1,0,0,0,0,0,0,0,0,0,0,0,0,0,0,0,0,0,16,0,0,3,9,0,0,0,0,2,0,0,0,0,0,0,0,0,0
2021-12,412,393,0,0,0,0,0,0,4,2,0,2,35,0,15,0,1,129,0,0,184,2,0,0,0,69,2,0,0,0,0,0,0,0,0,0,8,0,0,6,0,0,1,0,0,0,0,67,0,48,0,0,3,21,0,24,0,0,0,38,0,0,0,0,0,0,0,0,0,1,1,0,0,0,0,0,0,0,0,0,0,0,0,0,0,0,0,0,0,0,0,0,0,0,1,0,0,0,0,0,0,0,0,0,0,0,0,0,0,0,0,1,0,0,0,0,0,0,0,2,0,0,0,0,0,0,0,0,2,0,0,0,0,0,0,0,0,0,0,0,0,0,0,0,0,0,0,0,0,0,0,0,0,0,0,0,0,0,0,1,0,0,0,0,0,0,0,0,0,0,0,0,0,0,0,0,0,0,1,0,0,0,0,0,0,0,0,3,0,1,0,0,0,0,0,0,0,0,0,0,0,0,0,0,0,0,0,0,0,0,0,0,0,0,0,0,0,0,0,0,0,0,0,0,4,5,0,0,9,7,0,0,0,0,0,0,0,0,0,0,0,0,0,0
2022-01,448,431,0,0,2,0,0,0,4,0,0,2,47,0,12,0,1,136,1,0,229,0,0,0,0,65,0,0,0,0,0,0,0,1,0,0,5,0,0,9,2,0,4,2,0,0,0,63,0,80,0,0,0,23,0,24,0,0,0,33,0,0,0,0,0,0,0,0,2,0,0,0,0,0,0,0,0,0,0,0,0,0,0,0,0,0,0,0,0,0,0,0,0,0,2,0,0,0,0,0,0,0,0,0,0,0,0,0,0,0,0,0,0,0,0,0,0,0,0,0,0,0,0,0,0,0,0,0,0,0,0,0,0,0,0,0,0,0,0,0,0,0,0,0,0,0,0,0,0,0,0,0,2,0,0,0,0,0,0,0,0,0,0,0,0,0,0,0,2,0,0,0,0,0,0,0,0,0,0,0,0,0,0,0,0,0,0,0,0,0,0,0,0,0,0,0,0,0,0,0,0,0,0,0,0,0,0,0,0,0,0,0,0,0,0,0,0,0,0,0,0,0,0,0,4,9,0,0,2,13,0,0,0,0,0,0,0,0,0,0,0,0,0,0
2022-02,508,524,0,0,0,0,0,0,0,0,0,0,23,3,20,0,4,126,0,0,176,0,0,0,0,82,0,0,0,0,0,0,0,2,0,0,1,0,0,10,0,0,6,15,0,0,0,63,0,99,0,0,0,55,2,80,0,0,0,76,0,0,0,0,0,0,0,0,0,0,1,0,0,0,0,0,0,0,0,0,0,0,0,0,0,0,0,0,0,0,0,0,0,0,1,0,0,0,0,0,0,0,0,0,0,0,0,0,0,0,0,0,0,0,0,0,0,0,0,0,0,0,0,0,0,0,0,0,0,0,0,0,0,0,0,0,0,0,0,0,0,0,0,0,0,0,0,0,0,0,0,0,0,0,0,0,0,0,0,0,0,0,0,0,0,0,0,0,0,2,0,0,0,0,0,0,0,0,0,0,0,0,0,0,0,0,0,0,0,0,0,0,0,0,0,0,0,0,0,0,0,0,0,0,0,0,0,0,0,0,0,0,0,0,0,0,0,0,0,2,0,0,0,0,0,4,0,0,0,18,0,0,0,0,0,0,0,0,0,0,0,0,0,0
2022-03,403,419,0,0,2,0,0,0,0,0,0,0,45,1,12,0,2,74,1,0,122,0,0,0,0,72,0,0,0,0,0,0,0,2,0,0,5,0,0,8,0,0,5,0,0,0,0,85,0,74,0,0,2,22,0,39,0,0,0,52,0,0,0,0,0,0,0,0,2,0,0,0,0,0,0,0,0,0,0,0,0,0,0,0,0,0,0,0,0,0,0,0,0,0,0,0,0,0,0,0,0,0,0,0,0,0,0,0,0,0,0,0,0,0,3,0,0,2,0,2,0,0,0,2,0,0,0,0,0,0,0,2,0,0,0,0,0,0,0,0,0,0,0,0,0,0,0,0,0,0,0,0,2,0,0,0,0,0,0,2,0,0,0,0,0,0,0,0,8,0,0,0,0,0,0,0,2,0,0,0,0,0,0,0,0,0,2,0,0,0,0,0,0,0,0,0,0,0,0,0,0,0,0,0,0,0,0,0,0,0,0,0,0,0,0,0,0,0,0,0,0,0,0,0,8,8,1,0,1,9,0,0,0,0,0,0,0,0,0,0,0,0,0,0
2022-04,433,421,0,0,18,0,0,0,0,0,0,0,34,0,7,0,10,60,0,0,143,0,0,0,0,80,0,2,0,0,0,0,0,1,0,0,2,0,0,17,0,0,8,0,0,0,0,89,0,76,0,0,2,11,0,20,0,0,0,71,0,0,0,0,0,0,0,0,4,0,0,0,0,4,0,0,0,0,0,0,0,0,0,0,0,0,0,1,0,0,0,0,2,0,0,0,0,0,1,0,0,0,0,0,0,0,2,0,0,0,0,0,0,0,1,0,0,0,0,0,0,0,0,0,0,0,0,0,2,0,0,0,0,0,0,0,0,0,0,0,0,0,0,0,0,4,0,0,2,0,0,0,0,0,0,0,0,0,0,0,0,0,0,0,0,0,0,0,2,0,0,0,0,0,0,0,0,0,0,0,0,0,0,1,0,0,4,0,1,0,0,0,4,0,0,0,0,0,0,0,0,0,0,2,0,0,0,0,0,0,0,0,0,0,0,0,0,0,0,0,0,0,0,0,14,7,4,0,0,22,0,0,0,0,0,0,0,0,0,0,0,0,0,0
2022-05,472,448,0,0,2,0,0,0,0,2,2,0,23,0,13,0,2,81,0,2,180,0,0,0,0,47,0,0,0,0,0,0,2,4,0,0,0,0,0,16,0,0,9,0,0,0,0,86,0,87,0,0,4,11,0,34,2,0,0,111,0,0,0,0,0,0,0,0,0,0,0,0,0,2,0,0,0,0,0,0,0,0,2,0,0,0,0,1,0,0,0,0,0,0,0,0,0,0,11,0,0,0,0,0,0,0,0,0,0,0,0,0,0,0,0,0,0,0,0,0,0,0,0,0,0,0,0,0,0,0,0,0,2,0,0,0,0,0,0,0,0,0,0,2,0,0,0,0,0,0,0,0,0,0,0,0,0,0,0,0,0,0,0,0,0,0,0,0,0,0,0,0,0,0,0,0,4,0,0,12,0,0,0,1,0,0,9,7,1,0,0,0,0,0,0,0,0,0,0,0,0,0,0,0,0,0,0,0,0,0,0,0,0,0,0,0,0,0,0,0,0,0,0,0,24,1,2,0,0,29,0,0,0,0,0,0,0,0,0,0,0,0,0,0
2022-06,508,542,0,0,8,0,0,0,0,0,0,1,45,0,13,0,4,81,0,2,169,4,0,0,0,100,0,0,0,0,0,2,0,0,0,0,8,0,0,21,0,0,5,0,0,0,0,101,2,104,0,0,2,29,0,33,0,0,0,95,0,0,0,0,0,0,0,0,2,0,0,0,0,0,0,0,0,0,0,0,0,0,0,0,0,0,0,0,0,0,0,0,0,0,0,0,0,0,2,0,0,0,0,0,0,0,0,4,0,0,0,0,0,0,0,0,0,0,0,0,0,2,0,0,0,2,2,0,0,0,0,2,2,2,2,0,0,0,0,0,0,0,0,1,0,0,0,0,0,0,0,0,0,0,0,0,0,0,0,2,0,0,0,0,0,2,0,0,0,2,0,0,0,0,0,0,4,0,0,10,0,0,0,0,0,0,1,1,0,0,0,0,0,0,0,0,0,0,0,0,0,0,2,0,0,0,0,0,0,0,2,0,0,0,0,0,0,0,0,0,0,0,0,0,12,8,0,0,0,34,0,0,0,3,0,0,0,0,0,0,0,0,0,0
2022-07,380,390,0,0,8,0,0,0,0,0,0,11,13,2,10,0,2,72,0,2,163,7,0,0,0,74,0,0,5,0,0,6,0,8,0,0,3,0,0,6,0,0,4,2,0,0,0,62,0,54,0,0,4,21,0,16,0,0,0,59,0,0,0,0,0,0,0,0,0,0,0,0,0,0,0,0,0,0,0,0,0,0,0,0,0,0,0,0,0,0,0,0,0,0,0,0,0,0,0,0,0,0,0,0,0,0,0,2,0,0,0,0,0,0,0,0,0,0,0,0,0,0,0,0,0,0,2,0,6,0,0,0,0,0,0,0,0,0,0,0,0,0,0,0,0,0,0,0,0,0,4,0,2,2,2,0,0,0,6,0,4,4,0,0,0,0,0,0,0,0,2,0,0,0,0,0,0,0,0,0,0,4,0,0,0,5,0,2,0,0,0,0,0,0,0,0,2,0,0,0,0,0,0,0,0,0,0,0,0,0,0,0,0,0,0,0,0,0,0,0,0,2,0,0,4,11,2,0,2,30,0,0,2,1,0,0,0,0,0,0,0,0,0,0
2022-08,440,424,0,0,0,0,0,0,0,0,0,0,31,0,15,0,4,93,0,0,202,2,0,0,0,73,0,0,3,0,0,2,0,29,0,0,4,0,0,21,0,0,1,0,0,0,0,54,0,66,0,0,1,16,0,17,0,0,0,51,0,0,0,0,0,0,0,0,0,1,0,0,0,0,0,0,0,0,0,0,0,0,0,0,0,0,0,0,0,0,0,0,0,0,1,0,0,0,0,0,0,0,0,0,0,0,0,0,0,0,0,0,0,0,0,0,0,0,0,0,0,0,0,0,0,1,0,0,0,2,0,0,0,0,0,0,0,0,0,0,0,0,0,0,0,2,0,0,0,0,0,0,0,1,2,0,0,0,0,0,0,0,0,0,2,0,0,0,0,4,0,0,2,0,0,0,4,0,0,0,0,6,0,4,2,16,4,2,1,0,0,0,0,0,0,0,10,0,0,0,0,0,0,0,0,0,0,0,0,0,0,0,0,0,0,0,0,0,0,0,0,0,0,0,4,13,0,0,1,11,0,0,0,0,0,0,0,0,0,0,0,0,0,0
2022-09,439,465,0,0,4,0,0,0,0,0,0,0,28,0,1,0,6,76,0,0,178,5,0,0,0,79,0,0,0,0,0,0,0,62,0,0,1,0,0,2,0,0,0,0,0,0,0,120,0,70,0,0,5,17,0,23,0,0,0,51,0,0,0,0,0,0,0,0,0,1,0,0,0,0,0,0,0,0,0,0,0,0,0,0,0,0,0,0,0,0,0,0,0,0,3,0,0,0,0,0,2,0,0,0,0,0,0,0,0,0,2,2,2,2,2,2,0,0,0,0,0,0,0,0,2,1,2,4,0,2,0,0,0,0,0,0,4,2,0,0,2,2,2,2,0,0,0,2,0,0,0,0,0,3,1,2,0,2,1,0,2,4,0,0,0,0,0,2,0,0,0,0,0,0,0,0,0,0,0,0,0,4,0,0,0,9,0,0,2,2,3,0,2,0,2,0,0,0,0,0,0,0,0,0,0,0,0,2,0,0,0,0,0,1,0,2,0,0,0,0,0,0,0,0,11,2,0,0,7,16,0,0,2,0,0,0,0,0,0,0,0,0,0,0
2022-10,365,348,0,0,1,0,0,0,0,0,0,0,21,2,2,0,2,56,0,0,142,1,0,0,0,56,0,0,2,0,0,5,0,7,0,0,6,2,0,3,0,0,2,0,0,0,0,54,2,71,0,2,4,16,0,47,0,0,0,58,0,0,0,0,0,0,0,0,0,1,0,0,0,0,0,0,0,1,0,0,0,0,0,0,0,0,0,0,0,0,0,0,0,0,0,0,0,0,0,0,0,0,0,0,0,0,0,0,0,0,0,0,1,1,0,0,0,0,0,0,0,0,0,0,0,0,0,6,0,0,0,0,0,0,0,0,0,0,0,0,0,0,0,1,0,0,0,0,0,0,0,0,4,0,0,0,0,0,1,0,0,0,0,0,0,0,0,3,0,2,0,0,0,0,0,0,3,0,0,0,0,0,2,2,0,0,0,2,3,0,1,0,0,0,0,0,0,0,0,0,2,0,0,0,0,0,0,0,0,0,0,0,0,1,6,2,0,0,0,0,0,0,2,2,13,5,0,0,6,18,0,0,0,0,0,0,0,0,0,0,0,0,0,0
2022-11,438,360,0,0,4,0,0,0,0,0,0,2,59,0,5,0,4,105,0,0,113,0,0,0,0,67,0,0,0,0,0,15,1,0,0,0,2,0,0,6,0,0,4,0,0,0,0,50,0,91,0,0,6,19,0,39,6,0,0,46,0,0,0,0,0,0,0,0,0,1,0,6,0,4,0,0,0,0,0,0,0,0,0,0,0,0,0,0,0,0,0,0,0,0,0,0,0,0,0,0,0,0,0,0,0,0,0,0,0,0,0,0,1,1,0,0,0,1,0,0,0,0,0,0,0,0,0,2,0,0,0,0,0,0,0,0,0,0,0,0,0,0,0,2,0,0,1,0,0,0,0,0,0,2,1,0,0,0,0,0,0,2,0,0,0,0,2,1,0,0,0,0,0,0,0,2,2,2,2,0,2,0,0,2,2,2,1,1,0,2,0,0,0,0,0,0,0,0,0,0,0,2,2,0,0,0,0,4,0,0,1,0,0,0,2,0,0,0,0,0,0,0,0,0,2,11,1,0,0,17,0,3,0,0,0,0,0,0,0,0,0,0,0,0
2022-12,410,414,0,0,7,0,0,0,0,0,0,0,16,0,10,0,4,90,4,0,164,0,0,0,0,77,0,0,0,0,0,8,0,8,0,0,4,0,0,8,0,0,7,0,0,0,0,57,0,100,0,0,4,11,0,21,2,0,0,37,0,0,0,0,0,0,0,0,4,2,0,3,0,0,0,0,0,0,0,0,0,0,0,0,0,0,0,0,0,0,0,0,0,2,0,0,0,0,0,0,0,0,0,0,0,0,0,0,0,0,0,0,0,0,0,0,0,0,0,0,0,0,0,0,0,0,0,0,2,0,0,0,0,0,0,0,0,0,0,0,0,0,0,0,0,0,0,0,0,0,0,0,0,0,1,0,0,0,0,0,2,0,0,2,0,2,2,0,0,1,0,0,2,2,0,2,0,2,2,0,6,0,0,4,0,0,1,5,1,2,0,0,2,0,0,0,2,0,0,0,0,2,8,0,4,2,4,1,0,0,1,0,0,0,0,0,3,0,0,0,0,0,0,0,0,29,0,0,0,7,0,2,0,0,0,0,0,0,0,0,0,0,0,0
2023-01,578,613,0,0,6,0,0,0,0,0,0,0,92,0,3,0,2,62,2,0,224,41,0,0,0,161,0,0,2,0,0,2,1,0,0,0,1,0,0,10,0,0,5,0,0,0,2,74,0,123,0,0,20,13,0,18,0,0,59,32,0,0,0,0,0,0,0,0,0,3,0,1,0,0,0,0,0,0,0,2,0,0,0,0,0,0,0,0,0,0,0,0,0,0,2,0,0,0,2,0,0,0,0,0,0,2,2,2,0,0,0,0,0,0,0,0,0,1,0,0,0,0,0,0,0,1,1,1,1,0,4,2,2,2,0,0,0,2,0,0,0,0,0,0,0,0,3,0,0,0,0,0,2,2,0,0,0,0,2,2,2,0,2,0,0,0,0,2,0,4,0,0,0,2,0,0,1,0,3,0,0,0,2,2,2,2,2,2,1,6,2,0,0,0,2,0,0,0,0,2,2,0,2,2,2,0,0,3,0,0,0,0,0,0,0,0,1,0,0,0,0,0,0,0,4,28,1,0,0,33,0,1,0,0,0,0,0,0,0,0,0,0,0,0
2023-02,481,514,0,0,2,0,0,0,0,0,0,0,52,0,3,0,14,49,0,1,157,20,0,0,0,126,0,0,8,0,0,0,0,4,0,0,0,0,0,17,0,0,1,0,0,0,0,172,0,32,0,0,20,12,0,21,0,0,37,36,0,0,0,0,0,0,0,0,2,0,0,0,0,0,0,0,2,1,0,0,0,0,0,0,0,0,0,0,0,0,0,0,4,0,2,2,0,0,0,0,0,2,0,0,2,0,0,0,0,0,2,2,0,0,0,0,2,2,0,0,0,0,0,0,4,5,5,5,1,0,0,0,0,0,0,0,0,0,2,0,0,0,0,0,0,0,3,0,0,2,0,0,0,0,0,0,2,2,0,0,0,0,0,0,0,0,0,0,0,1,0,0,0,0,2,0,0,0,1,0,0,0,0,2,0,4,0,0,0,0,0,0,0,0,2,0,2,2,0,0,0,0,1,0,0,0,0,0,0,0,0,0,0,0,0,0,0,0,0,0,0,0,0,0,6,5,0,0,0,50,0,2,0,0,0,0,0,0,0,0,0,0,0,0
2023-03,405,436,0,0,4,0,0,2,0,0,0,0,33,0,4,0,9,87,0,1,204,4,0,0,0,56,0,0,0,0,0,0,0,1,0,0,0,0,0,16,2,2,2,2,0,0,0,50,0,50,16,0,2,8,0,9,0,0,21,81,0,0,0,0,0,0,0,0,0,8,6,4,0,2,0,0,0,0,0,0,0,0,0,0,0,0,1,0,0,0,0,0,0,0,0,0,0,0,0,0,0,0,0,0,0,0,0,0,0,0,0,0,0,1,0,0,0,0,0,0,0,0,0,0,2,2,2,2,0,0,0,0,0,0,0,0,0,2,0,0,0,0,0,0,0,0,0,0,0,0,0,0,0,0,0,0,0,0,0,0,0,0,0,0,0,0,0,2,0,0,2,0,0,0,0,0,3,0,0,0,0,0,0,0,0,0,0,1,0,0,0,0,0,0,0,0,0,0,0,0,0,0,3,0,0,0,0,0,0,0,0,0,0,0,0,0,0,0,0,0,0,0,0,0,5,4,0,0,0,46,0,0,0,0,0,0,0,0,0,0,0,0,0,0
2023-04,221,243,0,0,8,0,0,0,0,0,0,2,16,0,6,0,3,48,0,0,111,0,0,0,0,32,0,0,2,0,0,0,2,0,0,0,0,0,0,18,0,0,3,0,2,0,0,27,0,33,0,0,0,18,0,24,0,0,3,0,0,0,0,0,0,0,0,0,2,1,5,2,0,0,0,0,0,0,0,0,0,0,0,0,0,0,1,0,0,0,0,0,0,0,0,0,0,0,0,0,0,0,0,0,0,0,0,0,2,2,0,0,0,0,0,0,0,0,0,0,0,0,0,0,0,0,0,0,1,0,0,0,0,0,0,0,0,0,0,0,0,0,0,0,0,0,1,0,0,0,0,0,0,0,3,0,0,0,0,0,0,0,0,0,0,0,0,0,0,0,0,0,0,0,0,0,0,0,0,0,0,0,0,0,0,0,0,0,0,0,0,0,0,0,0,0,0,0,0,0,0,0,2,2,0,0,0,0,0,0,0,0,0,0,0,0,0,0,0,0,0,0,0,0,1,4,1,0,0,16,0,0,0,0,0,0,0,0,0,0,0,0,0,0
2023-05,271,252,0,0,8,0,0,0,0,0,0,0,4,0,3,0,0,75,0,0,226,2,0,0,0,27,0,0,0,0,0,0,0,0,0,0,0,0,0,8,0,0,2,0,0,0,0,30,0,29,0,0,0,7,0,16,0,0,0,2,0,0,0,0,0,0,0,0,0,2,4,0,0,0,0,0,0,0,0,0,0,0,0,0,0,0,0,0,0,0,0,0,0,0,0,0,0,0,0,0,0,0,0,0,0,0,0,0,0,0,0,0,0,0,0,0,0,0,0,0,0,0,2,0,0,0,0,0,1,0,0,0,0,0,0,0,0,0,0,0,0,0,0,0,0,0,0,0,0,0,0,0,0,0,0,0,0,0,0,0,0,0,0,0,0,0,0,2,0,0,0,0,0,0,0,0,0,0,0,0,0,0,0,0,0,0,0,0,0,0,0,0,0,0,0,0,0,0,0,0,0,0,0,0,0,0,0,0,0,0,0,0,0,0,0,0,0,0,0,0,0,0,0,0,1,0,0,0,4,6,0,0,0,0,0,0,0,0,0,0,0,0,0,0
2023-06,260,240,0,0,6,0,0,0,0,0,0,0,17,0,3,0,4,51,0,0,117,0,0,0,0,35,0,0,0,0,0,0,0,1,0,0,0,0,0,6,0,0,0,0,0,0,0,43,0,34,0,0,0,10,0,13,0,0,16,0,0,0,0,0,0,0,0,0,0,5,0,0,0,0,0,0,0,0,0,0,0,0,0,0,0,0,0,0,0,0,0,0,0,0,0,0,0,0,0,0,0,0,0,0,0,0,0,0,0,0,0,0,0,1,0,0,0,0,0,0,0,0,0,2,0,0,0,0,0,0,0,0,0,0,0,0,0,0,0,0,0,0,0,0,0,0,0,0,0,0,0,0,0,0,2,0,0,0,0,0,0,0,0,0,0,0,0,0,0,0,0,0,0,0,0,0,0,0,0,0,0,0,0,0,0,0,0,0,0,0,0,0,0,0,0,0,0,0,0,0,0,0,0,0,0,0,0,0,0,0,0,0,0,0,0,0,0,0,0,0,0,0,0,0,0,0,0,0,0,16,0,0,0,0,0,0,0,0,0,0,0,0,0,0
2023-07,302,299,0,0,2,0,0,0,0,0,0,0,18,0,6,0,0,95,0,0,208,0,0,0,0,18,0,0,0,0,0,0,0,2,0,0,0,0,0,9,0,0,0,0,0,0,0,38,0,30,0,0,6,6,0,20,0,0,39,0,0,0,0,0,0,0,0,0,2,9,8,0,0,0,0,0,0,3,0,0,0,0,0,0,0,0,0,0,0,0,0,0,0,0,0,0,0,0,0,0,0,0,0,0,0,0,0,0,0,0,0,0,0,0,0,0,0,0,0,0,0,0,0,0,0,0,0,0,0,0,0,0,0,0,0,0,1,1,0,0,0,0,0,0,0,0,1,0,0,0,0,0,0,0,0,0,0,0,0,0,0,0,2,0,0,0,0,0,0,0,0,0,0,0,0,0,0,0,0,0,0,0,2,0,0,0,0,0,0,0,0,0,0,1,0,0,0,0,0,0,2,0,0,0,0,0,0,0,0,0,0,0,0,0,0,2,0,0,0,0,0,0,0,0,2,0,1,0,0,3,0,0,0,0,0,0,0,0,0,0,0,0,0,0
2023-08,337,315,0,0,6,0,0,0,0,0,0,0,10,0,9,0,0,86,0,0,168,0,1,0,0,50,0,0,0,0,0,0,0,1,0,0,0,0,0,13,0,0,2,0,0,0,0,61,0,53,0,0,0,6,0,24,0,0,32,0,0,0,0,0,0,0,0,0,0,14,1,0,0,0,0,0,0,0,0,0,0,0,0,0,0,0,0,0,0,0,0,0,0,0,0,0,0,0,0,0,0,0,0,0,0,0,0,0,0,4,0,0,0,0,0,2,0,0,2,0,0,0,0,0,0,0,1,0,3,0,0,0,0,2,0,0,2,2,0,0,0,0,1,0,0,0,0,0,0,0,0,0,0,1,0,0,0,0,0,0,0,0,0,0,0,0,0,0,0,1,0,0,0,0,0,0,0,0,0,0,0,0,0,2,0,0,0,0,1,0,0,0,0,0,0,0,2,0,0,0,0,0,0,0,0,0,0,0,0,0,0,0,0,0,0,0,0,0,0,0,0,0,0,0,0,1,0,0,0,10,0,2,0,0,0,0,0,0,0,0,0,0,0,0
2023-09,257,268,0,0,6,0,0,0,0,0,0,0,12,0,3,0,0,46,0,0,166,0,1,0,0,41,0,0,0,0,0,0,0,2,0,0,0,0,0,11,0,0,1,0,0,0,0,40,0,15,0,0,1,6,0,4,0,0,44,2,0,0,0,0,0,0,0,0,0,4,1,4,0,0,0,0,0,1,0,0,0,0,0,0,0,0,0,0,0,0,0,0,0,0,0,0,0,0,0,0,0,0,0,0,0,0,0,0,0,0,0,0,0,0,0,0,0,0,0,0,0,0,0,0,0,3,4,0,1,0,0,0,0,0,0,0,0,0,0,0,0,0,0,0,0,0,0,0,0,0,0,0,0,1,0,0,0,0,0,0,0,0,0,0,0,0,0,0,0,2,0,0,0,0,0,0,0,0,0,0,0,0,0,0,0,0,0,0,0,0,0,0,0,1,0,0,0,0,0,0,0,0,0,0,0,0,0,0,0,0,0,0,0,0,0,0,0,0,0,0,0,0,0,0,0,0,0,0,0,7,0,2,0,0,0,0,0,0,0,0,0,0,0,0
2023-10,334,326,0,0,6,0,0,0,0,0,0,0,17,0,12,0,4,72,0,0,139,20,0,0,0,44,0,0,0,0,0,0,0,3,0,2,0,0,0,6,0,0,1,0,0,0,0,63,0,47,0,0,2,21,0,18,0,0,33,2,0,8,0,0,0,0,0,0,4,4,1,0,0,0,0,0,0,2,0,0,0,0,0,0,0,0,0,0,0,0,0,0,0,0,0,0,0,0,0,0,0,0,0,0,0,0,0,0,4,0,1,0,0,0,0,0,0,0,0,0,0,0,0,0,0,0,9,0,0,0,0,0,0,0,0,0,0,0,0,0,0,0,0,0,0,0,0,0,0,0,0,0,0,0,0,0,0,0,0,0,0,0,0,0,0,0,0,0,0,3,0,0,2,0,0,0,1,0,0,0,0,0,0,3,0,0,0,0,1,0,0,0,0,0,0,0,0,0,0,0,0,0,0,0,0,0,0,0,0,0,0,0,0,0,0,0,0,0,0,0,0,0,0,0,2,0,0,0,0,24,0,0,0,0,0,0,0,0,2,0,0,2,0,0
2023-11,265,247,0,0,4,6,0,0,2,0,0,0,6,2,2,0,0,48,0,0,135,4,0,0,0,58,0,0,0,0,0,0,0,0,0,0,5,0,0,7,0,0,0,0,2,0,0,51,0,31,2,0,0,2,0,8,0,0,11,0,0,1,0,0,0,0,0,0,0,3,0,0,0,1,0,0,0,1,1,0,0,0,0,0,0,0,0,0,0,0,0,0,0,0,0,0,0,0,0,0,0,0,0,0,0,0,0,0,1,0,1,0,1,2,0,0,0,0,0,0,0,0,0,0,0,0,2,0,0,0,0,0,0,0,0,0,0,0,0,0,1,0,2,0,0,0,0,0,0,0,0,0,0,0,0,2,0,0,0,0,0,0,0,0,0,0,0,0,0,0,0,0,0,0,0,0,1,0,0,0,0,0,0,0,0,0,0,2,0,0,0,0,0,0,0,0,0,0,0,0,0,2,0,0,0,0,0,0,0,0,0,0,0,0,0,0,0,0,0,0,0,0,0,0,5,7,0,0,0,8,0,0,0,0,0,0,0,0,0,0,2,0,0,0
2023-12,184,142,0,0,0,0,0,0,0,0,0,0,14,3,1,0,5,20,0,0,113,0,0,0,0,27,0,0,0,0,0,0,0,2,0,0,0,0,0,4,0,0,1,0,0,0,0,15,0,9,0,0,0,1,0,6,0,0,21,0,0,2,0,0,0,0,0,0,0,1,0,0,0,0,0,0,0,6,0,0,0,0,0,0,0,0,0,0,0,0,0,0,0,0,0,0,0,0,0,0,0,0,0,0,0,0,0,0,0,0,0,0,1,0,0,0,0,0,0,0,0,0,0,0,0,0,0,0,0,0,1,0,0,0,0,1,0,0,0,0,0,0,0,0,0,0,0,0,0,0,0,0,0,0,0,0,0,0,0,0,0,0,0,0,0,0,0,0,0,0,0,0,0,0,0,0,1,0,0,0,0,0,0,1,0,0,0,0,0,0,0,0,0,0,0,0,0,0,0,0,0,0,0,0,0,0,0,0,0,0,0,0,0,0,0,0,0,0,0,0,0,0,0,0,2,0,1,0,0,4,0,0,0,0,0,0,0,0,0,0,0,0,0,0
2024-01,394,416,0,0,2,0,0,0,0,0,0,0,20,2,6,0,7,64,0,0,233,0,0,0,0,35,0,0,0,0,0,0,0,2,0,0,1,0,0,8,0,0,0,0,0,0,0,33,0,17,0,0,1,2,0,6,0,0,59,0,0,0,0,0,0,0,0,0,0,2,0,0,0,1,0,0,0,283,0,0,0,0,0,0,0,0,0,0,0,0,0,0,0,0,0,0,0,0,0,0,0,0,0,0,0,0,0,0,0,0,0,0,0,0,0,0,0,0,0,0,0,0,0,0,0,1,2,0,0,0,0,0,0,0,0,1,0,0,0,0,0,0,0,0,0,0,0,0,0,0,0,0,0,0,0,0,0,0,0,0,0,0,0,0,0,0,0,0,0,2,0,0,0,0,0,0,0,0,0,0,0,0,0,0,0,0,0,0,0,0,0,0,0,0,0,0,0,0,0,0,0,0,0,0,0,0,0,0,0,0,0,0,0,0,0,0,0,0,0,0,0,0,0,0,3,0,0,0,0,10,0,0,0,0,0,0,0,0,0,0,0,0,0,0
2024-02,314,314,0,0,0,0,0,0,0,0,0,0,8,1,0,0,4,35,0,0,141,0,0,0,0,44,0,0,0,0,0,0,0,9,0,0,0,0,0,10,0,0,2,0,0,0,0,23,0,20,0,0,10,2,0,6,0,0,28,0,0,0,0,0,0,0,0,0,0,2,0,0,0,0,0,0,0,257,0,0,0,0,0,0,0,0,0,0,0,0,0,0,0,0,0,0,0,0,0,0,0,0,0,0,0,0,0,0,0,0,0,0,0,0,0,0,0,0,0,0,0,0,0,0,0,1,0,0,0,0,0,0,0,0,0,0,0,1,0,0,0,0,0,0,0,0,1,0,0,0,0,0,0,0,0,0,0,0,0,1,0,0,0,0,0,0,0,0,0,0,0,0,0,0,0,0,1,0,0,0,0,0,0,0,0,0,0,0,1,0,0,1,0,1,0,0,0,0,0,0,0,0,0,2,0,0,0,0,0,0,0,0,0,0,0,0,0,0,0,0,0,0,0,0,4,0,0,0,0,8,0,0,0,0,0,0,0,0,0,0,0,0,0,0
2024-03,334,313,0,0,6,0,0,0,0,0,0,0,11,0,2,0,0,33,0,0,132,0,0,0,0,42,0,0,0,0,0,0,0,8,0,0,0,0,0,9,0,0,3,0,0,0,0,26,0,27,0,0,14,2,1,5,0,0,24,0,0,4,0,0,0,0,0,0,2,2,0,2,0,0,0,0,0,247,1,0,0,0,0,0,0,0,0,0,0,0,0,0,0,0,0,0,0,0,0,0,0,0,0,0,0,0,0,0,0,0,0,0,0,0,0,0,0,0,0,0,0,0,0,0,0,3,0,0,0,0,0,0,0,0,0,0,0,0,1,1,0,0,0,0,0,0,0,0,0,0,0,0,0,0,0,0,0,0,0,3,0,0,0,0,0,0,0,0,0,6,0,0,0,0,0,0,0,0,0,0,0,0,0,0,0,0,0,0,0,0,0,0,0,0,0,0,0,0,0,0,0,0,0,0,2,0,0,0,0,0,0,2,0,0,0,0,0,0,0,0,0,0,0,0,8,1,0,0,0,10,0,0,0,0,0,0,0,0,0,0,0,0,0,0
2024-04,239,269,0,0,0,0,0,0,0,0,0,0,14,0,0,0,0,26,0,0,152,0,0,0,0,23,0,0,0,0,0,0,0,0,0,0,0,0,0,5,0,0,0,0,0,0,0,24,0,15,0,0,0,2,0,5,0,0,12,0,0,0,0,0,0,0,0,0,0,2,0,0,0,0,0,0,0,212,0,0,0,0,0,0,0,0,0,0,0,0,0,0,0,0,0,0,0,0,0,0,0,0,0,0,0,0,0,0,0,0,0,0,0,0,0,0,0,0,0,0,0,0,0,0,0,2,0,0,0,0,1,0,0,0,0,0,0,0,1,1,0,0,0,0,0,0,0,0,0,0,0,0,0,0,0,0,0,0,0,2,0,0,0,0,0,0,0,0,0,0,0,0,0,0,0,0,0,0,0,0,0,0,0,0,0,0,0,0,0,0,0,0,0,0,0,0,0,0,0,0,0,0,0,0,0,0,0,0,0,0,0,0,0,0,0,0,0,0,0,0,0,0,0,0,2,0,1,0,0,2,0,0,0,0,0,0,0,0,0,0,0,0,0,0
2024-05,270,233,0,0,2,0,0,0,0,0,0,0,12,0,0,0,2,22,0,0,134,0,0,1,3,22,0,0,0,0,0,0,0,0,0,0,2,0,0,8,0,0,2,1,0,0,0,18,0,11,0,0,0,6,0,16,0,0,20,0,0,0,0,0,0,0,0,0,0,4,0,1,0,0,0,0,0,202,0,0,0,0,0,0,0,0,0,0,0,0,0,0,0,0,0,0,0,0,0,0,0,0,0,0,0,0,0,0,0,0,0,0,0,0,0,0,0,0,0,0,0,0,0,0,0,0,0,0,2,0,0,0,0,0,0,0,1,0,0,0,0,0,0,0,0,0,0,0,0,0,0,0,0,0,0,0,0,0,0,0,0,0,0,0,0,0,0,0,0,0,0,0,0,0,0,0,0,0,0,0,0,0,0,0,0,0,0,2,0,0,0,0,0,0,0,0,0,0,0,0,0,0,0,0,0,0,0,0,0,0,0,0,0,0,0,0,0,0,0,0,0,0,0,0,2,0,0,0,0,6,0,0,0,0,0,0,0,0,0,0,0,0,0,0
2024-06,210,204,0,0,4,2,0,0,0,0,0,0,9,0,2,0,6,17,0,0,84,0,0,2,1,20,0,0,0,0,0,0,0,0,0,0,0,0,0,8,0,0,0,0,0,0,0,20,0,14,0,0,0,2,0,8,0,0,14,0,0,0,2,0,0,0,0,0,2,1,0,1,0,0,0,0,0,155,0,0,0,0,0,0,0,0,0,0,0,0,0,0,0,0,0,0,4,0,0,0,0,0,0,0,0,0,0,0,0,0,0,0,0,0,0,0,0,0,0,0,0,0,0,0,4,4,2,4,2,0,0,0,0,0,0,0,0,0,0,0,0,0,0,0,0,0,0,0,0,0,0,0,0,0,0,0,0,0,0,0,0,0,0,0,0,0,0,0,0,0,0,0,0,0,0,0,0,0,0,0,0,0,0,0,0,0,0,0,0,0,0,0,0,0,0,0,0,0,0,0,0,0,0,0,0,0,0,0,0,0,0,0,0,0,0,0,0,0,0,0,0,0,0,0,4,0,0,0,0,6,0,0,0,0,0,0,0,0,0,2,0,0,0,0
2024-07,262,260,0,0,2,0,0,0,0,0,0,0,14,0,0,0,0,41,0,0,123,0,0,0,0,43,0,0,0,0,0,0,0,0,0,0,0,0,0,6,0,0,1,1,0,0,0,20,0,24,0,0,0,0,0,9,0,0,9,0,0,0,0,0,0,0,0,0,0,3,0,0,0,0,0,0,0,215,0,0,0,0,0,0,0,0,0,0,0,0,0,0,0,0,0,0,0,0,0,0,0,0,0,0,0,0,0,0,0,0,0,0,0,0,0,0,0,0,0,0,0,0,0,0,0,0,0,0,0,0,0,0,0,0,0,0,0,0,0,0,0,0,0,0,0,0,0,0,0,0,0,0,0,0,0,0,0,0,0,0,0,0,0,0,0,0,0,0,0,0,0,0,0,0,0,0,0,0,0,0,0,0,0,0,0,0,0,0,0,0,0,0,0,0,0,0,0,0,0,0,0,0,0,0,0,0,0,0,0,0,0,0,0,0,0,0,0,0,0,0,0,0,0,0,0,0,0,0,0,2,0,0,0,0,0,0,0,0,0,0,0,0,0,0
2024-08,259,253,0,0,4,0,0,0,0,0,0,0,10,0,1,0,0,29,1,0,118,0,0,0,0,27,2,0,0,0,0,0,0,0,0,0,1,0,0,3,0,0,1,0,0,0,0,22,0,19,0,0,0,3,0,5,0,0,33,0,0,0,0,0,0,0,0,0,2,4,0,0,0,0,0,0,0,201,0,0,0,0,0,0,0,0,0,0,0,0,0,0,0,0,0,0,4,0,0,0,0,0,0,0,0,0,0,0,0,0,0,0,0,0,0,0,0,0,0,0,0,0,0,0,0,0,0,0,0,0,0,0,0,0,0,0,0,0,0,0,0,0,0,0,0,0,0,0,0,0,0,0,0,0,0,0,0,0,0,0,0,0,0,0,0,0,0,0,0,0,0,0,0,0,0,0,1,0,0,0,0,0,0,0,0,0,0,0,0,0,0,0,0,0,0,0,0,0,0,0,0,0,0,0,0,0,0,0,0,0,0,0,0,2,0,0,0,0,0,0,0,0,0,0,2,2,0,0,0,5,0,0,0,0,0,0,0,0,0,0,0,0,0,0
2024-09,279,232,0,0,3,0,2,0,0,0,0,0,13,0,2,0,0,39,0,0,82,0,0,0,0,52,0,0,0,2,0,2,0,0,0,0,2,0,0,21,0,0,0,0,0,0,0,32,0,7,0,0,2,13,0,13,0,0,25,0,0,4,0,0,1,0,0,0,2,4,0,0,0,0,0,0,0,160,0,0,0,0,0,0,0,0,0,0,0,0,0,0,0,0,0,0,0,0,0,0,0,0,0,0,0,0,0,0,0,0,0,0,0,0,0,0,0,0,0,0,0,0,0,0,0,0,0,0,0,0,0,0,0,0,0,0,0,0,0,0,0,0,0,0,0,0,0,8,0,0,0,0,0,0,0,0,0,0,0,0,0,0,0,0,0,0,0,0,0,0,0,0,0,0,0,0,0,0,0,0,0,0,0,0,0,0,0,0,0,2,0,0,0,0,0,0,0,0,0,0,0,0,0,0,0,0,0,0,0,0,0,0,0,0,0,0,0,0,0,0,0,0,0,0,8,2,0,0,0,2,0,0,0,0,0,0,0,0,0,0,0,0,0,0
2024-10,375,445,0,0,12,0,0,0,0,0,0,0,13,0,0,0,0,58,1,0,176,0,0,0,0,42,0,0,0,0,0,0,0,0,0,0,1,0,0,7,0,0,0,0,0,0,0,31,0,18,0,0,2,4,0,21,0,0,33,0,0,0,0,0,0,0,0,0,0,2,0,0,0,0,0,0,0,362,0,0,0,0,0,0,0,0,0,0,0,0,0,0,0,0,0,0,2,0,0,0,0,0,0,0,0,0,0,0,0,0,0,0,0,0,0,0,0,0,0,0,0,0,0,0,0,0,0,0,0,0,0,0,0,0,0,0,0,0,0,0,0,0,0,0,0,0,0,0,0,0,0,0,0,0,0,0,0,0,0,0,0,0,0,0,0,0,0,0,0,0,0,0,0,0,0,0,0,0,0,0,0,0,0,0,0,0,0,0,0,0,0,0,0,0,0,0,0,0,0,0,0,0,0,0,0,0,0,0,0,0,0,0,0,0,0,0,0,0,0,0,0,0,0,0,2,1,0,0,0,17,0,0,0,0,0,0,0,0,0,0,0,0,0,0
2024-11,268,270,0,0,1,0,0,0,0,0,0,0,14,0,1,0,0,22,0,0,126,0,0,0,0,52,0,0,0,0,0,0,0,0,0,0,0,0,0,1,0,0,0,0,0,0,0,29,0,8,0,0,0,1,0,6,0,0,20,0,0,0,0,0,1,0,0,0,0,1,0,0,0,0,0,0,0,240,0,0,0,0,0,0,0,0,0,0,0,0,0,0,0,0,0,0,0,0,0,0,0,0,0,0,0,0,0,0,0,0,0,0,0,0,0,0,0,0,0,0,0,0,0,0,0,0,0,0,0,0,0,0,0,0,0,0,0,0,0,0,0,0,0,0,0,0,0,0,0,0,0,0,0,0,0,0,0,0,0,0,0,0,0,0,0,0,0,0,0,0,0,0,0,0,0,0,0,0,0,0,0,0,0,0,0,0,0,0,0,0,0,0,0,0,0,0,2,0,0,0,0,0,0,0,0,0,0,0,0,0,0,0,0,0,0,0,0,0,0,0,0,0,0,0,0,1,0,0,0,0,0,0,0,0,0,0,0,0,0,0,0,0,0,0
2024-12,192,160,0,0,2,1,0,0,0,0,0,0,6,0,2,0,0,15,0,0,37,0,0,0,0,45,0,0,0,0,0,0,0,0,0,0,0,0,0,13,0,0,0,0,0,0,0,26,0,18,0,0,0,3,0,12,0,0,10,0,0,0,0,0,0,0,0,0,2,2,0,0,0,0,0,0,0,138,0,0,0,0,0,0,0,0,0,0,0,0,0,0,0,0,0,0,0,0,0,0,0,0,0,0,0,0,0,0,0,0,0,0,0,0,0,0,0,0,0,0,0,0,0,0,0,0,0,0,0,0,0,0,0,0,0,0,0,0,0,0,0,0,0,0,0,0,0,0,0,0,0,0,0,0,0,0,0,0,0,0,0,0,0,0,0,0,0,1,0,0,0,0,0,0,0,0,0,0,0,0,0,0,0,0,0,2,0,0,0,0,0,0,0,0,0,0,0,0,0,0,0,0,0,0,0,0,0,0,0,0,0,0,0,0,0,0,0,0,0,3,0,2,0,0,2,0,0,0,0,3,0,0,3,0,0,0,0,0,0,0,0,0,0,0
2025-01,262,313,0,0,0,1,0,0,0,0,0,0,12,0,1,0,0,28,0,0,76,0,0,0,0,85,0,0,0,0,0,0,2,1,0,0,0,0,0,16,0,0,0,0,2,0,0,38,0,27,0,0,0,2,0,11,0,0,25,0,0,0,0,0,0,0,0,0,0,12,0,0,0,0,0,0,0,211,0,0,0,0,0,0,0,0,0,0,0,0,0,0,0,0,0,0,0,0,0,0,0,0,0,0,0,0,0,0,1,0,0,0,0,0,0,0,0,0,0,0,0,0,0,0,0,0,0,0,0,0,0,0,0,0,0,0,0,0,0,0,1,0,1,0,0,0,0,0,0,2,0,0,0,0,2,0,0,0,0,0,0,0,0,0,0,0,0,1,0,0,0,0,0,0,0,0,0,0,0,0,0,0,0,0,0,0,0,0,1,0,0,0,0,1,0,0,0,0,0,0,0,0,0,0,0,0,0,0,0,0,0,0,0,0,0,0,0,0,0,1,0,0,0,0,0,3,0,0,0,1,0,0,3,0,0,0,0,0,0,0,0,0,0,0
2025-02,200,191,0,0,0,0,0,0,0,0,0,0,14,0,0,0,0,29,0,0,59,0,0,0,0,43,0,0,0,0,0,0,0,0,0,0,0,0,0,6,0,1,0,0,0,0,0,27,0,15,0,0,2,6,0,2,0,0,17,0,0,2,0,0,0,0,0,0,0,2,0,0,0,0,0,0,0,159,0,0,0,0,0,0,0,0,0,0,0,0,0,0,0,0,0,0,0,0,0,0,0,0,0,0,0,0,0,0,0,0,0,0,0,0,0,0,0,0,0,0,0,0,0,0,0,0,0,0,0,0,0,0,0,0,0,0,0,0,0,0,0,0,0,0,0,0,0,0,0,0,0,0,0,0,0,0,0,0,0,0,0,0,0,0,0,0,0,0,0,0,0,0,0,0,0,0,0,0,0,0,0,0,0,0,0,0,0,0,0,0,0,0,0,0,0,0,0,0,0,0,0,0,0,0,0,0,0,0,0,0,0,0,0,0,0,0,0,0,0,0,0,0,0,0,0,0,0,0,0,0,0,0,0,0,0,0,0,0,0,0,0,0,0,0
2025-03,241,202,0,0,7,0,0,0,0,0,0,0,14,0,0,0,0,20,0,0,88,0,0,0,0,32,0,0,0,0,0,0,0,0,0,0,0,0,0,2,0,1,0,0,0,0,0,19,0,19,0,0,0,2,0,8,0,0,13,0,0,0,0,0,0,0,0,0,7,7,0,0,0,0,0,0,0,196,0,0,0,0,0,0,0,0,0,0,0,0,0,0,0,0,0,0,0,0,0,0,0,0,0,0,0,0,0,0,0,0,0,0,0,0,0,0,0,0,0,0,1,0,0,0,0,0,0,0,0,0,0,0,0,0,0,0,0,0,0,0,0,0,0,0,0,0,0,0,0,0,0,0,0,0,0,0,0,0,0,0,0,0,0,0,0,0,0,0,0,0,0,0,0,0,0,0,0,0,0,0,0,0,1,0,0,0,0,0,0,0,0,1,0,0,0,0,0,0,0,0,0,0,0,0,0,0,0,0,0,0,0,0,0,0,0,0,0,0,1,0,0,0,0,0,0,0,0,0,0,0,0,0,0,0,0,0,0,0,0,0,0,0,0,0
2025-04,169,186,0,0,0,0,0,0,0,0,0,0,10,0,0,0,0,12,0,0,32,0,0,0,0,50,0,0,0,0,0,0,0,0,0,0,0,0,0,24,0,0,0,0,0,0,0,22,0,19,0,0,0,5,0,7,0,0,30,0,0,1,0,0,0,0,0,0,0,5,1,0,0,0,0,0,0,108,0,0,0,0,0,0,0,0,0,2,0,0,0,0,0,0,0,1,0,0,0,0,0,0,0,0,0,0,0,0,0,0,0,0,0,0,0,0,0,0,0,0,0,0,0,0,0,0,0,0,0,0,0,0,0,0,0,0,0,0,0,0,0,0,0,0,0,0,1,0,0,0,0,0,0,0,0,0,0,0,0,0,0,0,0,0,0,0,0,0,0,0,0,0,0,0,0,0,0,0,0,0,0,0,0,0,0,0,0,0,0,0,0,0,0,1,0,1,3,0,0,0,1,0,0,0,0,0,0,0,0,0,0,0,0,0,0,0,0,0,0,0,0,0,0,0,0,0,0,0,0,0,0,0,0,0,0,0,0,0,0,0,0,0,0,0
2025-05,112,88,0,0,0,0,0,0,0,0,0,0,19,0,0,0,0,4,0,0,21,0,0,1,0,18,0,0,0,0,0,0,0,0,0,0,0,0,0,7,0,0,0,0,0,0,0,10,0,14,0,0,0,2,0,2,0,0,10,0,0,2,0,0,0,0,0,0,0,4,0,0,0,0,0,0,0,65,0,0,0,0,0,0,0,0,0,0,0,0,0,0,0,0,0,0,0,0,0,0,0,0,0,0,0,0,0,0,1,0,0,0,0,0,0,0,0,0,0,0,0,0,0,0,0,0,0,0,0,0,0,0,0,0,0,0,0,0,0,0,0,0,0,0,0,0,1,0,0,0,0,0,0,0,0,0,0,0,0,0,0,0,0,0,0,0,0,0,0,3,0,0,1,0,0,0,0,0,0,0,0,0,0,0,0,0,0,0,0,0,0,0,0,0,0,0,0,0,0,0,0,0,0,0,0,0,0,0,0,0,0,0,0,0,0,0,0,0,0,0,0,0,0,0,1,0,0,0,0,4,0,0,0,0,0,0,0,0,0,0,0,0,0,0
2025-06,184,215,0,0,2,0,0,0,0,0,0,0,11,0,4,0,2,18,0,0,43,0,0,0,0,38,0,0,0,0,0,0,0,0,0,0,0,0,0,4,0,0,0,2,0,0,0,25,0,19,0,0,0,2,0,3,0,0,20,0,0,0,0,0,0,0,0,0,2,4,0,0,0,0,0,0,0,168,0,0,0,0,0,0,0,0,0,0,0,0,0,0,0,0,0,0,0,0,0,0,0,0,0,0,0,0,0,0,1,0,0,0,0,0,1,0,0,0,0,0,0,0,0,0,0,0,0,0,0,0,0,0,0,0,0,0,0,0,0,0,0,0,0,0,0,0,0,0,0,0,0,0,0,0,0,0,0,0,0,1,0,0,0,0,0,2,0,0,0,0,0,2,1,0,0,0,0,0,0,0,2,0,1,0,0,0,0,0,0,0,0,0,0,0,0,0,0,0,0,0,0,0,0,0,0,0,0,0,0,0,0,0,0,0,0,0,0,0,0,0,0,0,0,0,2,0,0,0,0,2,0,0,0,0,0,0,0,0,0,0,0,0,0,0
2025-07,240,242,2,0,5,0,0,0,0,0,0,4,33,0,3,0,1,25,0,0,42,0,0,1,0,49,0,0,0,0,0,2,0,0,0,0,0,0,0,2,0,0,2,0,0,0,0,46,0,14,0,0,2,9,0,10,0,2,16,0,0,1,0,0,0,0,0,0,5,2,0,0,0,0,0,0,0,181,0,0,0,0,0,0,0,0,0,0,0,0,0,0,0,0,0,0,0,0,0,0,0,0,0,0,0,0,0,0,0,0,0,0,0,0,1,0,0,1,0,0,1,0,0,0,0,0,0,0,2,0,0,0,0,0,0,0,0,2,0,0,0,0,0,0,0,0,0,0,0,0,0,0,0,0,0,1,0,0,0,0,0,0,0,0,0,0,0,0,0,0,0,0,0,0,0,0,0,0,0,0,0,0,1,0,0,0,0,0,0,0,0,0,0,1,0,0,0,0,0,0,0,0,0,0,0,0,0,0,1,0,0,0,0,0,0,0,0,0,0,2,0,0,0,0,2,0,0,0,0,0,0,0,0,0,0,0,0,0,0,0,0,0,0,0
2025-08,263,246,0,0,4,0,0,0,0,0,0,7,20,0,4,0,4,25,0,0,35,2,0,1,0,38,2,0,0,0,0,4,0,0,0,0,0,0,0,6,0,0,0,2,0,0,0,25,0,39,0,0,0,12,0,12,1,0,19,0,0,3,0,0,0,0,0,0,4,5,0,0,0,0,0,0,0,181,0,0,0,0,0,0,0,0,0,0,0,0,0,0,0,0,0,0,2,0,0,0,0,0,0,0,0,0,0,0,0,0,0,0,0,0,0,0,0,0,0,0,0,0,0,0,0,0,0,0,2,0,0,0,0,0,0,0,0,0,0,0,0,0,1,0,2,0,1,0,0,0,0,1,0,0,0,0,0,0,0,1,0,0,0,0,0,0,0,0,0,0,0,0,0,0,0,0,2,0,0,0,0,0,0,0,0,0,0,1,1,0,0,3,2,2,0,3,2,1,0,0,0,0,0,0,0,0,0,0,3,0,0,0,0,0,2,0,0,0,0,0,0,0,0,0,0,0,0,0,0,8,0,2,0,0,0,4,0,0,0,0,2,0,0,0
2025-09,243,230,0,0,2,0,0,0,1,0,0,1,44,0,6,0,1,17,0,0,28,2,0,1,0,44,0,0,0,0,0,0,0,0,0,0,2,0,0,10,0,0,0,0,0,0,0,30,0,21,0,0,6,5,0,5,1,0,34,0,0,2,0,2,0,0,0,0,2,1,0,0,0,0,0,0,0,174,0,0,0,0,0,0,0,0,0,0,0,0,0,0,0,0,0,0,0,0,0,0,0,0,0,0,0,0,0,0,0,0,0,0,0,0,0,0,0,3,0,0,0,0,0,0,0,0,0,0,0,0,0,0,0,0,0,0,0,0,0,0,0,0,0,0,0,0,0,0,0,0,0,0,0,0,0,0,0,0,0,1,0,0,0,0,0,0,0,0,0,1,0,0,0,0,0,0,4,0,0,0,1,0,0,2,0,1,0,0,2,0,0,0,0,0,0,0,0,0,1,1,1,0,0,1,0,0,0,0,0,1,1,0,0,0,0,0,0,0,0,0,0,0,0,0,0,0,0,0,0,2,0,0,0,0,0,0,0,0,0,0,0,0,0,0
2025-10,332,285,0,0,1,0,0,0,1,0,0,0,62,0,3,0,1,9,0,0,54,0,0,0,0,40,0,0,0,0,0,4,0,0,0,0,2,0,0,0,0,4,0,0,0,0,0,23,0,46,0,0,6,13,0,10,0,0,26,0,0,0,0,4,0,2,0,0,1,9,1,0,0,0,0,0,0,249,0,0,0,0,0,0,0,0,0,0,0,0,0,0,0,0,0,0,0,0,0,0,0,0,0,0,0,0,0,0,0,0,0,0,0,0,0,0,0,0,0,0,0,0,0,0,0,0,0,0,0,0,0,0,0,0,0,0,0,0,0,0,0,0,0,0,0,0,0,0,0,1,0,0,0,0,0,0,0,0,0,0,0,1,0,0,0,0,0,0,0,3,0,0,0,1,0,0,0,0,0,0,1,0,0,0,0,0,2,0,1,0,0,0,0,1,0,2,2,0,1,1,1,1,0,1,0,0,0,0,1,1,1,0,0,0,0,0,0,0,0,0,0,0,0,0,0,2,0,0,2,4,0,0,0,0,0,0,2,0,0,0,0,0,0,0
2025-11,244,231,0,0,3,0,0,0,0,0,0,0,44,0,1,0,3,16,0,0,7,0,0,0,0,50,0,0,0,0,0,0,0,1,0,0,0,0,0,14,0,0,0,0,0,0,0,33,0,43,0,0,2,10,0,9,0,0,24,0,2,2,0,0,0,0,0,0,2,4,0,0,0,4,0,0,0,153,0,0,0,0,0,0,0,0,0,0,0,0,0,0,1,0,0,2,0,0,0,0,0,0,0,0,0,0,0,0,0,0,0,0,0,0,0,0,0,2,0,0,0,0,0,0,0,0,0,0,0,0,0,0,0,0,0,0,0,0,0,0,0,0,0,1,0,1,0,0,0,0,0,0,0,0,0,1,0,0,0,0,0,0,0,1,0,0,0,0,0,5,0,0,0,1,0,0,0,0,0,0,0,0,1,0,2,2,2,0,0,0,0,0,1,0,0,0,0,0,0,0,0,0,0,0,0,0,1,0,0,0,0,0,2,0,0,0,0,0,0,0,0,0,0,0,1,3,0,0,0,13,0,0,0,0,0,0,0,0,0,0,0,0,0,0
2025-12,146,130,0,0,13,1,0,0,0,0,0,2,27,1,1,0,0,13,0,0,5,0,0,0,0,28,0,0,0,0,0,1,0,3,0,0,2,0,0,4,0,0,0,0,0,0,0,15,0,18,0,0,0,5,0,10,0,0,1,2,0,0,0,0,0,0,0,0,4,6,0,2,0,0,0,0,0,78,0,0,0,0,0,0,0,0,0,0,0,0,0,0,0,0,0,0,2,0,0,0,0,0,0,0,0,0,0,0,0,0,1,0,0,1,0,0,0,0,0,0,2,0,0,0,0,0,0,0,0,0,0,0,0,0,0,0,0,0,0,0,0,0,0,0,0,0,0,0,0,0,0,0,0,0,1,0,0,0,0,0,0,0,0,1,0,0,0,0,0,0,0,0,0,0,0,0,1,0,0,0,0,0,1,1,0,0,0,0,0,0,0,1,0,0,0,0,0,0,0,0,0,0,0,1,1,0,1,0,1,1,0,0,0,0,0,0,0,0,0,0,0,0,0,0,2,3,0,0,2,5,0,0,2,0,0,0,0,0,0,0,0,0,0,0
2026-01,254,201,0,4,7,3,0,0,0,0,0,4,27,1,6,0,2,30,0,0,39,0,1,1,0,39,0,0,0,0,0,2,0,14,0,0,6,0,0,8,0,0,0,0,0,0,0,20,0,33,0,0,0,11,0,6,0,0,14,0,2,2,0,0,0,0,0,0,7,4,0,2,0,0,0,0,0,111,0,0,0,0,0,0,0,0,0,1,0,0,0,0,0,0,0,1,0,0,0,0,0,0,0,0,0,0,0,0,0,0,0,0,0,0,0,0,1,1,0,0,0,0,0,0,0,0,0,0,0,0,0,0,0,0,0,0,0,1,0,0,0,0,0,0,0,0,1,1,0,0,0,1,0,0,0,0,0,0,0,0,0,0,0,0,0,0,0,0,0,0,0,0,0,0,0,0,1,0,0,0,0,0,0,0,0,2,0,2,0,0,0,0,0,1,0,0,2,0,0,0,1,0,0,0,0,0,0,0,2,0,0,0,0,0,0,0,0,1,1,0,0,2,0,0,0,14,0,0,0,7,0,0,0,0,0,0,0,0,0,0,0,0,0,0
2026-02,332,279,0,1,11,1,0,0,2,0,0,4,60,0,1,0,2,28,0,0,89,2,1,1,0,30,0,0,0,0,0,0,0,8,0,0,0,0,0,2,0,0,0,0,2,0,0,33,0,20,0,0,0,10,0,7,0,0,18,0,0,2,0,0,0,0,0,0,11,4,0,2,0,0,0,0,0,212,0,0,0,0,0,0,0,0,0,0,0,0,0,0,0,0,0,2,0,0,0,0,0,0,0,0,0,0,0,0,0,0,0,0,0,0,1,1,0,1,0,0,0,0,0,0,0,0,0,0,0,0,0,0,0,0,0,0,0,0,0,0,0,0,0,1,0,0,3,0,0,1,0,0,0,0,0,0,0,0,0,0,0,1,1,0,0,0,0,2,0,0,0,0,0,0,0,0,0,0,0,0,0,1,0,0,0,0,0,1,0,0,0,0,0,1,0,0,0,0,0,0,1,0,0,0,0,0,1,0,0,0,0,0,0,0,0,0,0,0,0,0,0,0,0,1,4,6,0,0,0,10,0,0,0,0,0,0,0,0,0,0,0,0,0,1
2026-03,499,361,0,0,10,1,0,0,0,0,0,2,104,0,0,0,1,29,0,0,108,0,0,0,0,60,0,0,2,0,2,0,0,1,2,0,3,0,0,22,0,0,2,0,0,0,0,37,0,39,0,0,0,6,0,15,0,0,26,0,0,2,0,0,0,0,0,0,10,2,0,0,0,3,0,0,0,331,0,0,0,0,2,0,0,0,0,0,0,0,0,0,3,0,0,0,0,0,0,0,0,0,0,0,0,0,0,0,0,0,0,1,0,0,0,0,0,0,0,0,2,0,0,0,0,0,0,0,0,2,0,0,0,1,0,0,0,0,0,0,0,0,0,0,0,1,1,0,0,2,0,1,0,0,0,0,0,0,0,0,0,1,0,0,0,0,1,0,0,0,0,0,1,0,0,0,0,0,0,0,0,2,0,1,0,0,0,1,0,0,0,1,2,0,0,0,0,0,0,0,0,0,0,0,1,0,0,0,0,0,0,0,0,0,0,0,0,1,0,0,0,0,0,0,1,0,0,0,0,0,0,0,0,0,0,0,0,0,0,0,0,0,0,0
2026-04,137,128,2,0,12,0,0,0,1,0,0,1,34,0,0,0,2,24,0,0,10,2,0,0,0,11,0,0,0,0,0,0,0,1,0,0,1,0,0,5,0,0,2,0,4,0,0,14,0,10,0,0,0,5,0,8,0,0,2,0,0,0,0,0,0,0,0,0,12,0,0,0,0,3,0,0,0,67,0,0,0,0,0,0,0,0,0,6,0,0,0,0,0,0,0,0,0,0,0,0,0,0,0,0,0,0,0,0,0,0,1,0,0,0,1,0,0,0,0,0,0,0,0,0,0,0,0,2,0,0,0,0,0,0,0,1,1,0,0,0,0,0,0,0,0,0,0,0,0,0,0,0,0,0,0,0,0,0,0,0,0,0,0,0,0,0,0,1,0,0,0,0,0,0,0,0,0,0,0,1,0,0,0,1,0,0,0,1,0,0,0,0,0,0,0,0,0,0,0,0,1,0,0,0,0,0,0,0,0,0,0,0,0,0,0,0,0,0,0,0,0,0,0,0,0,0,0,0,0,0,2,0,0,0,0,0,0,0,0,0,0,0,0,1
